seed,step,phase,phase_step,phase_chain_hops,auxiliary_loss_weight,learning_rate,loss,final_loss,grad_norm,validation_final_accuracy,elapsed_seconds,validation_accuracy_layer_0,validation_accuracy_layer_1,validation_accuracy_layer_2,validation_accuracy_layer_3,validation_accuracy_layer_4,validation_accuracy_layer_5,validation_accuracy_layer_6
503,1,low_auxiliary_learning,1,1,0.02,0.0012,0.7482593059539795,0.7323746681213379,6.706596218698995,0.5183333333333333,4.847301447999939,0.5183333333333333,0.5183333333333333,0.5183333333333333,0.5183333333333333,0.5183333333333333,0.5183333333333333,0.5183333333333333
503,200,low_auxiliary_learning,200,1,0.02,0.0012,0.6980171799659729,0.6843425035476685,0.16522949982761898,0.5183333333333333,41.43163933299991,0.4816666666666667,0.5033333333333333,0.5183333333333333,0.5183333333333333,0.5183333333333333,0.5183333333333333,0.5183333333333333
503,400,low_auxiliary_learning,400,1,0.02,0.0012,0.7073028683662415,0.6935793161392212,0.6553697490713648,0.5083333333333333,66.83675279399995,0.4816666666666667,0.5233333333333333,0.5116666666666667,0.5066666666666667,0.5083333333333333,0.51,0.5083333333333333
503,600,low_auxiliary_learning,600,1,0.02,0.0012,0.5655285120010376,0.5538639426231384,2.127994347148956,0.685,92.3454519469999,0.4816666666666667,0.575,0.6933333333333334,0.6833333333333333,0.6816666666666666,0.6883333333333334,0.685
503,800,low_auxiliary_learning,800,1,0.02,0.0012,0.5756127834320068,0.5640617609024048,3.89053554218423,0.695,117.15358979899997,0.4816666666666667,0.5483333333333333,0.6866666666666666,0.7,0.7,0.7066666666666667,0.695
503,1000,low_auxiliary_learning,1000,1,0.02,0.0012,0.5032985210418701,0.4917977750301361,0.9876286005848096,0.72,140.79407015999993,0.4816666666666667,0.5016666666666667,0.7133333333333334,0.72,0.7183333333333334,0.72,0.72
503,1200,low_auxiliary_learning,1200,1,0.02,0.0012,0.3926936984062195,0.3832789361476898,2.7659017995474806,0.785,164.52700876899996,0.4816666666666667,0.57,0.6683333333333333,0.7233333333333334,0.7783333333333333,0.78,0.785
503,1400,low_auxiliary_learning,1400,1,0.02,0.0012,0.2648008167743683,0.25677913427352905,2.2240041261530936,0.7983333333333333,186.44747200199993,0.4816666666666667,0.515,0.6883333333333334,0.76,0.7783333333333333,0.8016666666666666,0.7983333333333333
503,1600,low_auxiliary_learning,1600,1,0.02,0.0012,0.3596082031726837,0.3500288426876068,3.31812870472547,0.8083333333333333,209.4740026049999,0.4816666666666667,0.525,0.6883333333333334,0.78,0.8066666666666666,0.8066666666666666,0.8083333333333333
503,1800,low_auxiliary_learning,1800,1,0.02,0.0012,0.220084086060524,0.21170470118522644,7.593514832058183,0.8216666666666667,233.6701512169999,0.4816666666666667,0.4866666666666667,0.6916666666666667,0.7683333333333333,0.8033333333333333,0.815,0.8216666666666667
503,2000,low_auxiliary_learning,2000,1,0.02,0.0012,0.22845306992530823,0.220118448138237,4.8611034622394165,0.8583333333333333,256.017831637,0.4816666666666667,0.4583333333333333,0.715,0.82,0.855,0.865,0.8583333333333333
503,2001,extended_final_only,1,1,0.0,0.0005,0.2940443158149719,0.2940443158149719,3.154214161933989,0.875,257.06911818000003,0.5183333333333333,0.5133333333333333,0.73,0.8333333333333334,0.87,0.885,0.875
503,2200,extended_final_only,200,1,0.0,0.0005,0.1803857982158661,0.1803857982158661,1.793992405384822,0.9216666666666666,284.82605611300005,0.5183333333333333,0.515,0.7316666666666667,0.845,0.8983333333333333,0.91,0.9216666666666666
503,2400,extended_final_only,400,1,0.0,0.0005,0.16824547946453094,0.16824547946453094,5.846030519744564,0.9333333333333333,307.17068536500005,0.4816666666666667,0.5166666666666667,0.7083333333333334,0.8533333333333334,0.9233333333333333,0.9316666666666666,0.9333333333333333
503,2600,extended_final_only,600,1,0.0,0.0005,0.17337346076965332,0.17337346076965332,4.6451068468323475,0.9433333333333334,329.57412033900005,0.5183333333333333,0.5083333333333333,0.7116666666666667,0.865,0.9216666666666666,0.9466666666666667,0.9433333333333334
503,2800,extended_final_only,800,1,0.0,0.0005,0.18888303637504578,0.18888303637504578,4.817676150166407,0.9616666666666667,352.488818434,0.5183333333333333,0.505,0.7166666666666667,0.8766666666666667,0.9266666666666666,0.955,0.9616666666666667
503,3000,extended_final_only,1000,1,0.0,0.0005,0.275897741317749,0.275897741317749,26.85505509359655,0.955,375.5811348049999,0.5183333333333333,0.49833333333333335,0.66,0.8433333333333334,0.9233333333333333,0.9583333333333334,0.955
503,3200,extended_final_only,1200,1,0.0,0.0005,0.12151294946670532,0.12151294946670532,8.612887030640884,0.9583333333333334,397.68339428800004,0.5183333333333333,0.5,0.685,0.8766666666666667,0.94,0.9616666666666667,0.9583333333333334
503,3400,extended_final_only,1400,1,0.0,0.0005,0.03583736717700958,0.03583736717700958,2.709295862637425,0.95,420.63148312199996,0.5183333333333333,0.5316666666666666,0.67,0.8383333333333334,0.9183333333333333,0.9483333333333334,0.95
503,3600,extended_final_only,1600,1,0.0,0.0005,0.07990150153636932,0.07990150153636932,2.596578804087784,0.9566666666666667,443.78824940899995,0.5183333333333333,0.5283333333333333,0.685,0.88,0.94,0.9616666666666667,0.9566666666666667
503,3800,extended_final_only,1800,1,0.0,0.0005,0.03895857185125351,0.03895857185125351,3.419984015264672,0.9516666666666667,467.12758953,0.5183333333333333,0.515,0.7183333333333334,0.8783333333333333,0.9383333333333334,0.9583333333333334,0.9516666666666667
503,4000,extended_final_only,2000,1,0.0,0.0005,0.06175713986158371,0.06175713986158371,8.745344045516037,0.9583333333333334,489.70218626999986,0.5183333333333333,0.53,0.71,0.8766666666666667,0.9333333333333333,0.9483333333333334,0.9583333333333334
