seed,axis,arm,eligible,mse,mae,r2
503,0.0,current_mlp,True,0.5511849168402646,0.5939133435116944,0.47057448998470663
503,0.0,current_rff_mlp,True,0.5421906180351165,0.5890806927982906,0.4792137162890895
503,0.0,history_mlp,True,0.5472722356744472,0.5925368090705574,0.47433270824948626
503,0.0,current_ridge,True,0.5416359161320613,0.5918297163341008,0.4797465199434692
503,0.0,current_rff_ridge,True,0.5454787528945457,0.5933108654458342,0.47605538879904874
503,0.0,current_reference,True,0.5511849168402646,0.5939133435116944,0.47057448998470663
503,0.025,current_mlp,True,0.5469542849215834,0.5948796843428997,0.48063727203471285
503,0.025,current_rff_mlp,True,0.5485737594972693,0.5953199477805525,0.4790994931806368
503,0.025,history_mlp,True,0.5315771215738443,0.5842997799885584,0.49523872178072703
503,0.025,current_ridge,True,0.5455804174370846,0.5964997232328904,0.48194183364851273
503,0.025,current_rff_ridge,True,0.5485700314276203,0.5966672327033853,0.47910303318475844
503,0.025,current_reference,True,0.5469542849215834,0.5948796843428997,0.48063727203471285
503,0.1,current_mlp,True,0.5608108271636022,0.6020625381627798,0.47276424179576115
503,0.1,current_rff_mlp,True,0.5521606021975713,0.5966896086170645,0.48089658820866665
503,0.1,history_mlp,True,0.45562310807963197,0.5411421538604291,0.5716544987929444
503,0.1,current_ridge,True,0.5507020010172387,0.5991939050490571,0.48226786469261007
503,0.1,current_rff_ridge,True,0.5527473767744753,0.5994137035918748,0.48034494311915665
503,0.1,current_reference,True,0.5608108271636022,0.6020625381627798,0.47276424179576115
607,0.0,current_mlp,True,0.5256420458264659,0.5773627165267168,0.47876281558644895
607,0.0,current_rff_mlp,True,0.5312658158195511,0.5822042620809607,0.4731861725833645
607,0.0,history_mlp,True,0.5289422335810091,0.5776276282285084,0.47549028328643184
607,0.0,current_ridge,True,0.5331665497099997,0.5788843585738489,0.47130136677446255
607,0.0,current_rff_ridge,True,0.5366837970438345,0.5810230686505619,0.4678135938466108
607,0.0,current_reference,True,0.5312658158195511,0.5822042620809607,0.4731861725833645
607,0.025,current_mlp,True,0.5268059055397184,0.5765972559378367,0.47502478240665436
607,0.025,current_rff_mlp,True,0.527730777662674,0.5756088524317347,0.47410312428002954
607,0.025,history_mlp,True,0.5107127760648069,0.5671546790520922,0.49106198711337457
607,0.025,current_ridge,True,0.532576010832496,0.5791959118207508,0.4692747286396811
607,0.025,current_rff_ridge,True,0.5358211113094579,0.580601921388354,0.4660409051174107
607,0.025,current_reference,True,0.527730777662674,0.5756088524317347,0.47410312428002954
607,0.1,current_mlp,True,0.5314086263107851,0.5782208311635559,0.46919956647411476
607,0.1,current_rff_mlp,True,0.5323243171000317,0.5784970950874039,0.4682849236854155
607,0.1,history_mlp,True,0.44174505159585914,0.5267092724305188,0.5587605219681439
607,0.1,current_ridge,True,0.5367202187599242,0.5835252591079568,0.4638940530986754
607,0.1,current_rff_ridge,True,0.5391959222771496,0.5838119637917875,0.46142118300368307
607,0.1,current_reference,True,0.5323243171000317,0.5784970950874039,0.4682849236854155
709,0.0,current_mlp,True,0.53621463534503,0.5857221971401907,0.45741865111794955
709,0.0,current_rff_mlp,True,0.5388258579057297,0.5870919424150142,0.4547764243568243
709,0.0,history_mlp,True,0.537465529192134,0.5846010577736563,0.45615290485491955
709,0.0,current_ridge,True,0.5307591657350503,0.5825246510912659,0.46293889593160165
709,0.0,current_rff_ridge,True,0.5337718068247641,0.5835564479371457,0.4598904844217171
709,0.0,current_reference,True,0.5307591657350503,0.5825246510912659,0.46293889593160165
709,0.025,current_mlp,True,0.5396159899216502,0.5872816696179993,0.45290283088490857
709,0.025,current_rff_mlp,True,0.5422521856362372,0.5893094534780848,0.4502300872308642
709,0.025,history_mlp,True,0.517220378022226,0.5743883905189477,0.4756089331865735
709,0.025,current_ridge,True,0.5343009166927882,0.5834889691524497,0.45829159172865597
709,0.025,current_rff_ridge,True,0.536878284290277,0.5846422106348496,0.45567849177852326
709,0.025,current_reference,True,0.5343009166927882,0.5834889691524497,0.45829159172865597
709,0.1,current_mlp,True,0.5389838679496786,0.58414205501172,0.4530546863469226
709,0.1,current_rff_mlp,True,0.5448635417617368,0.5871454225783042,0.4470881626185832
709,0.1,history_mlp,True,0.44914188511011993,0.5364561643352898,0.544223744282409
709,0.1,current_ridge,True,0.5384531264218899,0.5827015876538754,0.4535932675710497
709,0.1,current_rff_ridge,True,0.5408045074867154,0.5841061621867366,0.45120715375485854
709,0.1,current_reference,True,0.5384531264218899,0.5827015876538754,0.4535932675710497
811,0.0,current_mlp,True,0.5411724736790251,0.585241632546267,0.4972029983206442
811,0.0,current_rff_mlp,True,0.5435890176138062,0.5866053106400562,0.4949578156775317
811,0.0,history_mlp,True,0.5448816175398613,0.5874737956584775,0.4937568762380714
811,0.0,current_ridge,True,0.5327405996122925,0.578558445925276,0.5050369536777408
811,0.0,current_rff_ridge,True,0.5390458893623385,0.5815304685164812,0.4991787828814873
811,0.0,current_reference,True,0.5411724736790251,0.585241632546267,0.4972029983206442
811,0.025,current_mlp,True,0.5429860569549723,0.5874432655487003,0.4954206174014134
811,0.025,current_rff_mlp,True,0.5461605534541373,0.5890220443323684,0.4924706604677257
811,0.025,history_mlp,True,0.5208683300732775,0.5744741144113522,0.5159739057068904
811,0.025,current_ridge,True,0.5326854318482667,0.5799238849865228,0.5049926551916066
811,0.025,current_rff_ridge,True,0.5390730154899706,0.5832078010324404,0.4990568802873625
811,0.025,current_reference,True,0.5429860569549723,0.5874432655487003,0.4954206174014134
811,0.1,current_mlp,True,0.5436039011993249,0.5890247364035766,0.4931825966201717
811,0.1,current_rff_mlp,True,0.5484446604278954,0.5927323313416017,0.48866941888690263
811,0.1,history_mlp,True,0.45228186092094347,0.5366785029715699,0.5783247363714212
811,0.1,current_ridge,True,0.5335135840595003,0.5823831261304372,0.5025900867445109
811,0.1,current_rff_ridge,True,0.5399890709076565,0.5856211479826257,0.49655280588106954
811,0.1,current_reference,True,0.5436039011993249,0.5890247364035766,0.4931825966201717
907,0.0,current_mlp,True,0.5276204380963693,0.5815378819032564,0.4748786994082974
907,0.0,current_rff_mlp,True,0.5322726917024188,0.5844908579603827,0.47024848175959266
907,0.0,history_mlp,True,0.5311003647480501,0.5839009496207805,0.47141525584669564
907,0.0,current_ridge,True,0.5399111106211475,0.5878342548430717,0.462646243128468
907,0.0,current_rff_ridge,True,0.5438849431023396,0.5909373579008184,0.45869123318157135
907,0.0,current_reference,True,0.5276204380963693,0.5815378819032564,0.4748786994082974
907,0.025,current_mlp,True,0.5255478624420451,0.5801578783351471,0.47598320037148656
907,0.025,current_rff_mlp,True,0.5303793024602093,0.5837230003918755,0.47116583564251346
907,0.025,history_mlp,True,0.5111976303734895,0.5733284688843602,0.4902916263396736
907,0.025,current_ridge,True,0.5382881107990012,0.5860533470918052,0.46328006779767505
907,0.025,current_rff_ridge,True,0.543899845655339,0.5896063871522805,0.45768468144006014
907,0.025,current_reference,True,0.5255478624420451,0.5801578783351471,0.47598320037148656
907,0.1,current_mlp,True,0.5237060409108893,0.5792588326484622,0.47604795454254045
907,0.1,current_rff_mlp,True,0.5291341309407546,0.5828043864797182,0.47061731473336743
907,0.1,history_mlp,True,0.43753856659970985,0.529069892899225,0.5622559049773297
907,0.1,current_ridge,True,0.5359137952765307,0.5851861468247639,0.46383446573268283
907,0.1,current_rff_ridge,True,0.5427818061246469,0.5895398231654422,0.456963228719958
907,0.1,current_reference,True,0.5237060409108893,0.5792588326484622,0.47604795454254045
1009,0.0,current_mlp,True,0.5010790531869804,0.5664346140713242,0.46298698959622264
1009,0.0,current_rff_mlp,True,0.4997049291897243,0.5652275971770053,0.464459656353576
1009,0.0,history_mlp,True,0.5015730105372368,0.5659527011648053,0.46245760900849875
1009,0.0,current_ridge,True,0.5079531412629572,0.5675207877192181,0.4556199390121235
1009,0.0,current_rff_ridge,True,0.5127755616170182,0.5713937591360853,0.4504516877046788
1009,0.0,current_reference,True,0.4997049291897243,0.5652275971770053,0.464459656353576
1009,0.025,current_mlp,True,0.4951512203679398,0.5643881487766962,0.4629386953479796
1009,0.025,current_rff_mlp,True,0.49742372746720664,0.5655786067060066,0.460473841021949
1009,0.025,history_mlp,True,0.48093063879670883,0.5550452306184274,0.47836292087221555
1009,0.025,current_ridge,True,0.5056261941918119,0.568731631463934,0.4515771094795975
1009,0.025,current_rff_ridge,True,0.5101204119949972,0.57212602093482,0.4467024966795412
1009,0.025,current_reference,True,0.49742372746720664,0.5655786067060066,0.460473841021949
1009,0.1,current_mlp,True,0.49914831549717703,0.5648735918957718,0.45434436176187887
1009,0.1,current_rff_mlp,True,0.4987264893298453,0.5644738958661567,0.4548054908880619
1009,0.1,history_mlp,True,0.4116079663473762,0.5149258459724092,0.5500411388597727
1009,0.1,current_ridge,True,0.5073839346988029,0.5703337204133944,0.4453414022962674
1009,0.1,current_rff_ridge,True,0.5111861755365685,0.5722393474221397,0.44118489392660676
1009,0.1,current_reference,True,0.49914831549717703,0.5648735918957718,0.45434436176187887
