seed,step,phase,phase_step,phase_chain_hops,auxiliary_loss_weight,learning_rate,loss,final_loss,grad_norm,validation_final_accuracy,elapsed_seconds,validation_accuracy_layer_0,validation_accuracy_layer_1,validation_accuracy_layer_2,validation_accuracy_layer_3,validation_accuracy_layer_4
101,1,balanced_retrieval_learning,1,1,0.25,0.0015,2.086967945098877,1.787247657775879,34.09794891188898,0.505,0.2880524869997316,0.505,0.505,0.505,0.505,0.505
101,100,balanced_retrieval_learning,100,1,0.25,0.0015,0.872403621673584,0.6981606483459473,0.8963968694921375,0.505,6.957415877999665,0.505,0.515,0.505,0.505,0.505
101,200,balanced_retrieval_learning,200,1,0.25,0.0015,0.853441059589386,0.6834683418273926,0.39549972216993096,0.505,11.569423084999471,0.505,0.51,0.505,0.505,0.505
101,300,balanced_retrieval_learning,300,1,0.25,0.0015,0.8600194454193115,0.6883049011230469,0.3675156156496546,0.5175,15.943488647999402,0.505,0.5,0.5075,0.525,0.5175
101,400,balanced_retrieval_learning,400,1,0.25,0.0015,0.8645178079605103,0.6914147138595581,0.45809938003550654,0.5325,20.302527777999785,0.505,0.4825,0.525,0.5375,0.5325
101,500,balanced_retrieval_learning,500,1,0.25,0.0015,0.873121976852417,0.6979871988296509,0.7849834503018844,0.5175,24.587360451999302,0.505,0.4675,0.5225,0.525,0.5175
101,600,balanced_retrieval_learning,600,1,0.25,0.0015,0.8354288339614868,0.6660816669464111,1.1908462813692473,0.58,28.700938258999486,0.505,0.515,0.5775,0.5775,0.58
101,700,balanced_retrieval_learning,700,1,0.25,0.0015,0.8227977156639099,0.6559900045394897,1.5921722704083423,0.59,33.015455873000064,0.495,0.5,0.585,0.6075,0.59
101,800,balanced_retrieval_learning,800,1,0.25,0.0015,0.726009726524353,0.5671848058700562,1.2037579975745991,0.7075,37.27256664199922,0.495,0.495,0.6775,0.705,0.7075
101,900,balanced_retrieval_learning,900,1,0.25,0.0015,0.6291524171829224,0.48155805468559265,7.774065650573307,0.6975,41.27354665799976,0.495,0.5,0.645,0.68,0.6975
101,1000,balanced_retrieval_learning,1000,1,0.25,0.0015,0.7116054892539978,0.5565782785415649,2.038992621135638,0.655,45.615276758999244,0.495,0.5175,0.5975,0.6425,0.655
101,1100,balanced_retrieval_learning,1100,1,0.25,0.0015,0.5607385039329529,0.4194766879081726,1.084456142004312,0.7275,49.897705241999574,0.495,0.495,0.6425,0.71,0.7275
101,1200,balanced_retrieval_learning,1200,1,0.25,0.0015,0.7059303522109985,0.5502042770385742,1.0027106859448809,0.705,54.284929707999254,0.495,0.505,0.6725,0.68,0.705
101,1300,balanced_retrieval_learning,1300,1,0.25,0.0015,0.5153671503067017,0.3857136368751526,1.0356443748728157,0.705,58.60479905899956,0.495,0.5025,0.67,0.7075,0.705
101,1400,balanced_retrieval_learning,1400,1,0.25,0.0015,0.6313742399215698,0.48894137144088745,0.5179089089021351,0.7075,62.93727614299951,0.505,0.5225,0.705,0.71,0.7075
101,1500,balanced_retrieval_learning,1500,1,0.25,0.0015,0.678534984588623,0.5315133333206177,0.5105917538540181,0.71,67.37502097599918,0.495,0.5175,0.7075,0.7075,0.71
101,1600,balanced_retrieval_learning,1600,1,0.25,0.0015,0.5757226347923279,0.4415242373943329,0.9646279796012116,0.71,71.57066382799985,0.495,0.535,0.7125,0.7125,0.71
101,1700,balanced_retrieval_learning,1700,1,0.25,0.0015,0.4747487008571625,0.3562263250350952,0.5290335043785614,0.71,75.54063057499934,0.495,0.5,0.71,0.7075,0.71
101,1800,balanced_retrieval_learning,1800,1,0.25,0.0015,0.5710726380348206,0.43807053565979004,2.1578775630762044,0.7125,79.71480346999942,0.505,0.505,0.6925,0.7025,0.7125
101,1900,balanced_retrieval_learning,1900,1,0.25,0.0015,0.5561201572418213,0.4264094829559326,0.4187672789485777,0.7125,83.99840823399973,0.505,0.495,0.695,0.7125,0.7125
101,2000,balanced_retrieval_learning,2000,1,0.25,0.0015,0.5929661989212036,0.4564681947231293,0.4562982817553241,0.715,88.14685499299958,0.505,0.505,0.72,0.715,0.715
101,2100,balanced_retrieval_learning,2100,1,0.25,0.0015,0.6670308709144592,0.5221651196479797,43.634365999678835,0.71,92.50698087699948,0.505,0.5225,0.715,0.7075,0.71
101,2200,balanced_retrieval_learning,2200,1,0.25,0.0015,0.6708351373672485,0.5224624872207642,0.8298617244289156,0.7275,96.68268783299936,0.505,0.5225,0.71,0.7425,0.7275
101,2300,balanced_retrieval_learning,2300,1,0.25,0.0015,0.640316903591156,0.4956626892089844,3.335464520490122,0.7075,100.92825011700006,0.505,0.5075,0.7025,0.7025,0.7075
101,2400,balanced_retrieval_learning,2400,1,0.25,0.0015,0.6398041844367981,0.49676406383514404,0.4979661179735038,0.7375,105.12663176699971,0.505,0.515,0.715,0.74,0.7375
101,2401,reduced_auxiliary_finetune,1,1,0.05,0.0008,0.4880399703979492,0.46063488721847534,0.763964498694226,0.765,105.38384752399998,0.515,0.48,0.7425,0.7725,0.765
101,2500,reduced_auxiliary_finetune,100,1,0.05,0.0008,0.4896124601364136,0.4614214301109314,3.134902393819857,0.785,110.2387018899999,0.515,0.47,0.725,0.7775,0.785
101,2600,reduced_auxiliary_finetune,200,1,0.05,0.0008,0.47184693813323975,0.44485318660736084,0.8949417903318128,0.775,114.45005045899961,0.515,0.4275,0.69,0.7625,0.775
101,2700,reduced_auxiliary_finetune,300,1,0.05,0.0008,0.4058581292629242,0.38103556632995605,1.329127310313692,0.76,118.88923456399971,0.515,0.4525,0.715,0.76,0.76
101,2800,reduced_auxiliary_finetune,400,1,0.05,0.0008,0.4998028576374054,0.46947717666625977,0.9362269057650621,0.7775,123.15783911499966,0.515,0.455,0.725,0.76,0.7775
101,2900,reduced_auxiliary_finetune,500,1,0.05,0.0008,0.4859861731529236,0.4584873616695404,10.569558248902784,0.7625,127.35782473099971,0.515,0.465,0.705,0.7675,0.7625
101,3000,reduced_auxiliary_finetune,600,1,0.05,0.0008,0.4194616377353668,0.3919519782066345,2.0092965279021975,0.7675,131.46556284899998,0.515,0.46,0.6925,0.765,0.7675
