replicate,planted_delta,mean_delta_vs_linear,ci_low_vs_linear,ci_high_vs_linear,mae_advantage_vs_linear,positive_datasets_vs_linear,effect_threshold_vs_linear,ci_above_zero_vs_linear,all_six_positive_vs_linear,mae_not_worse_vs_linear,mean_delta_vs_rff,ci_low_vs_rff,ci_high_vs_rff,mae_advantage_vs_rff,positive_datasets_vs_rff,effect_threshold_vs_rff,ci_above_zero_vs_rff,all_six_positive_vs_rff,mae_not_worse_vs_rff,screen_passed
0,0.0,-0.011107057256579067,-0.014080197191664843,-0.008265210601477859,-0.005517343038914639,0,False,False,False,False,-0.004542501026878014,-0.008718691785494278,-0.0008629433547817381,-0.0019381207135226914,2,False,False,False,False,False
0,0.01,-8.026561246673077e-05,-0.004167590330871206,0.0037330297525080187,0.0005713672637620385,4,False,False,False,True,0.006055141810608548,0.0013906629076600031,0.0105484451840038,0.004080220465489633,5,False,True,False,True,False
0,0.05,0.04673752224392482,0.04005534007639501,0.053973610202180604,0.026416090101011074,6,True,True,True,True,0.05237833359458003,0.04474754118845412,0.05997692306474789,0.030273126028590485,6,True,True,True,True,True
0,0.1,0.10606943534997791,0.09714747040080136,0.1157332453104126,0.06001643452800409,6,True,True,True,True,0.11140039296569872,0.10237640452976109,0.12142024321650219,0.063936355987484,6,True,True,True,True,True
1,0.0,-0.006557673237949942,-0.009278103917984169,-0.0038976453020972434,-0.003012659508892438,0,False,False,False,False,0.00023693842566774315,-0.0031999708648322617,0.003709329755195992,0.0008580796543623906,3,False,False,False,True,False
1,0.01,0.0072108420770437736,0.0034096440529279076,0.011297092091488227,0.0034213423326817836,6,False,True,True,True,0.014085235487951467,0.009757950899502137,0.0190761953869122,0.0074035372556486845,6,True,True,True,True,False
1,0.05,0.05586426705824058,0.04918204059121088,0.06279759773631209,0.028962468551566218,6,True,True,True,True,0.06272995185236542,0.05591491659912253,0.07059458382372479,0.03247907924753648,6,True,True,True,True,True
1,0.1,0.11483231732884593,0.1064352827609864,0.12395540210426735,0.06239561738532773,6,True,True,True,True,0.12160567882565487,0.11284631178446149,0.13145533815516133,0.06578842835943033,6,True,True,True,True,True
2,0.0,-0.010965240349234387,-0.01407956453913181,-0.007944585569684868,-0.005802036362869523,0,False,False,False,False,-0.005176958050604678,-0.009114551490410157,-0.001269720249153411,-0.0029822065399302176,1,False,False,False,False,False
2,0.01,-0.0027139613784095316,-0.007214457746003411,0.0014870545287039138,-0.0008716716498472499,1,False,False,False,False,0.003038598215005813,-0.0019375068708564268,0.007757483001821055,0.0017844873571343418,4,False,False,False,True,False
2,0.05,0.040169087601636046,0.03281823165147185,0.047466100548136304,0.022800194045815514,6,True,True,True,True,0.04578932453570448,0.038304058684886684,0.05312571984237913,0.025108907754886445,6,True,True,True,True,True
2,0.1,0.09644889858137635,0.08708038793637815,0.1064053837861499,0.05521733520749853,6,True,True,True,True,0.1019056024962619,0.09198852656219111,0.11161626534132026,0.057428338787466504,6,True,True,True,True,True
3,0.0,-0.005534611900251803,-0.008784015928493824,-0.0025793388511507116,-0.00269896818395989,0,False,False,False,False,0.0030584227328076716,-0.0008910314609951505,0.006983994455738743,0.0020382472912832683,5,False,False,False,True,False
3,0.01,0.00460967007605656,0.0001521037766490419,0.008529985765799495,0.0017827029325292454,6,False,True,True,True,0.012880900811477636,0.007825403396511613,0.017678259585265938,0.006718871460852242,6,True,True,True,True,False
3,0.05,0.049346272754446176,0.04204290920984094,0.056146862432524564,0.025477296577452513,6,True,True,True,True,0.05707502034125198,0.048956745107858905,0.06428130959469366,0.02975463041151664,6,True,True,True,True,True
3,0.1,0.10631855337239172,0.0963815490389989,0.11528419347456045,0.057510678402476735,6,True,True,True,True,0.11355315375876164,0.10346536299687266,0.1227561446330033,0.061544368736528264,6,True,True,True,True,True
4,0.0,-0.007364984666221819,-0.010203277723601113,-0.004498264106962486,-0.003600958519291005,0,False,False,False,False,-0.0038215398262057185,-0.007311345762577998,-5.8247897546138195e-05,-0.0013481250637397875,2,False,False,False,False,False
4,0.01,0.005541888740505892,0.0013825091272309808,0.010103543556183278,0.002932226718389589,5,False,True,False,True,0.008659365663340005,0.004067565877374925,0.013565795057604073,0.004833870533085871,6,False,True,True,True,False
4,0.05,0.05481089049745419,0.04760207570664779,0.062290382273202355,0.028692459788177933,6,True,True,True,True,0.05748244666308958,0.04957016303242077,0.06512084294766202,0.030750966744355308,6,True,True,True,True,True
4,0.1,0.11586003228237696,0.10661874205613633,0.12555303917324462,0.06254684247878366,6,True,True,True,True,0.11829129704233832,0.10853413103860508,0.1279330658926786,0.06458467549693205,6,True,True,True,True,True
5,0.0,-0.007599405932075291,-0.010337762392257447,-0.004852901584848882,-0.0036222213681301554,0,False,False,False,False,-0.0014170246257527719,-0.0050522167721119395,0.002019626773125467,-0.0005839465682651035,2,False,False,False,False,False
5,0.01,0.0060179708331161335,0.0017971633677213831,0.010523219740598461,0.003610031826130141,5,False,True,False,True,0.0121536890828004,0.007374563367217304,0.017073773824295826,0.006941006340704825,6,True,True,True,True,False
5,0.05,0.055195987977447646,0.047702059203888064,0.0629048923787998,0.0296229869032566,6,True,True,True,True,0.06129398512911168,0.05349946952457636,0.06978970378927889,0.03300124194370774,6,True,True,True,True,True
5,0.1,0.11518125907123868,0.10561545402932772,0.12521922985324985,0.06277683360385389,6,True,True,True,True,0.1212700273667679,0.11134424656527114,0.1319399917541517,0.06650595766342177,6,True,True,True,True,True
6,0.0,-0.00889572272064639,-0.011727490046757268,-0.006098973067609556,-0.004764172975008567,0,False,False,False,False,-0.0025686162959631478,-0.006042594561962552,0.0011336198857217006,-0.0018616779218953254,3,False,False,False,False,False
6,0.01,0.004543914494183898,1.7842181519874614e-05,0.008549454273896044,0.0016422069082903112,4,False,True,False,True,0.010761606034908241,0.00587589103798606,0.015705153194872114,0.004486741333804778,6,True,True,True,True,False
6,0.05,0.05339625356854907,0.04613852493077752,0.06042337144347937,0.027000104050536582,6,True,True,True,True,0.05936575916522735,0.051757307108362204,0.06663626758213005,0.029778365622006104,6,True,True,True,True,True
6,0.1,0.11338223744066007,0.10392361866533624,0.12291959645317119,0.06093311892505482,6,True,True,True,True,0.11908897568933112,0.10943481695338131,0.1285861671303132,0.06345994065721199,6,True,True,True,True,True
7,0.0,-0.008125563609452269,-0.011074418552507367,-0.0049361910647083155,-0.003853019811302335,0,False,False,False,False,-0.003578470901771954,-0.00690179135615493,0.00022715409032834444,-0.0014722317904704203,1,False,False,False,False,False
7,0.01,0.005401039191074153,0.0015456475401509943,0.009480552005102888,0.0036370045083414237,5,False,True,False,True,0.010371173713538776,0.005944009967903467,0.014859538035118653,0.006241533303643372,6,True,True,True,True,False
7,0.05,0.054710660102168296,0.047869904734164664,0.06157874715308543,0.03057754054528535,6,True,True,True,True,0.06012462417462899,0.05290676393981475,0.06728164155235399,0.03334514193132263,6,True,True,True,True,True
7,0.1,0.11500202370055762,0.10638026803561747,0.12398201164570968,0.06555036677594851,6,True,True,True,True,0.12065909099716056,0.11133139941810219,0.12976739639435914,0.06814504679799156,6,True,True,True,True,True
8,0.0,-0.008899391064353557,-0.011357999736366125,-0.006333343760049357,-0.004624223573483873,0,False,False,False,False,-0.0031708696332863142,-0.006451190479725286,0.00014640182297782575,-0.0019108839428381892,1,False,False,False,False,False
8,0.01,0.000808171678009321,-0.003320061075430294,0.004981293980224488,-0.00038567528323727823,3,False,False,False,False,0.006560203976501848,0.002052660432686702,0.011401330453973237,0.002371928417187197,4,False,True,False,True,False
8,0.05,0.045285681820739755,0.037682888461454754,0.05283749839058245,0.022975465945381374,6,True,True,True,True,0.0510821185671639,0.04358334256560849,0.05873113409368389,0.025162100649336477,6,True,True,True,True,True
8,0.1,0.102585741197096,0.09284757754044862,0.1124427418483215,0.05484668061621475,6,True,True,True,True,0.10842509892711909,0.09896882999021524,0.11863345104971047,0.057055839224728844,6,True,True,True,True,True
9,0.0,-0.007513883682028655,-0.010244792780886821,-0.004819780135328319,-0.004029571471965532,0,False,False,False,False,-0.001197033530271896,-0.004651921026195783,0.0020661696497670393,-0.0010902059512588786,3,False,False,False,False,False
9,0.01,0.004856562200943919,0.0005976001318759331,0.009029026677385109,0.0034056330138532522,4,False,True,False,True,0.011376982462978172,0.006814892894300636,0.016267569685098262,0.0065727051947018405,6,True,True,True,True,False
9,0.05,0.052622918578770106,0.045102012337145676,0.05968916788715585,0.029468203555833516,6,True,True,True,True,0.05933291368753076,0.051761350856803896,0.06661133392111712,0.032894709392873735,6,True,True,True,True,True
9,0.1,0.11167015443083599,0.10188696007219168,0.12098748482577354,0.0632577595414615,6,True,True,True,True,0.11845913425091738,0.10864473408660257,0.12825869674908758,0.06667539884000111,6,True,True,True,True,True
10,0.0,-0.011701891297921116,-0.014839424637688423,-0.008446243002014926,-0.006594413275463081,0,False,False,False,False,-0.0038841373380218793,-0.008030920727015436,-8.231801626534619e-05,-0.0015206965660183498,1,False,False,False,False,False
10,0.01,-0.001035573646626949,-0.005633706001817825,0.0034927241903102316,-0.0009611813955730705,3,False,False,False,False,0.006931944656286715,0.001514700541276245,0.012167725515676622,0.0040827360625528275,5,False,True,False,True,False
10,0.05,0.04490278838183261,0.037431650482199846,0.05234567765812775,0.02440260621871408,6,True,True,True,True,0.05304570479364531,0.04491368114189038,0.06075857901459154,0.029541801482798207,6,True,True,True,True,True
10,0.1,0.10313196285707062,0.09374040871539584,0.1126025726599943,0.057697998378406466,6,True,True,True,True,0.11139195797813163,0.10129429133853819,0.12109447453736405,0.06251459671060432,6,True,True,True,True,True
11,0.0,-0.0061392483790456516,-0.008840405204542318,-0.003618670493886874,-0.0026195999224527533,0,False,False,False,False,-0.0011052807830106055,-0.004414126181935288,0.002206745866506168,-1.1716599931821392e-05,3,False,False,False,False,False
11,0.01,0.008189330184868893,0.004050597909834028,0.012348167605852675,0.005495760939545606,5,False,True,False,True,0.012780449232849322,0.008209897739811263,0.01749752788162074,0.007905920313539002,6,True,True,True,True,False
11,0.05,0.058452214584764704,0.051253726735112054,0.06556332207064003,0.03316532121277364,6,True,True,True,True,0.06273236007442096,0.05509866767891114,0.07033302249764214,0.035360465837114795,6,True,True,True,True,True
11,0.1,0.11941866602738166,0.1100626757994613,0.12880631360362774,0.06820778884990898,6,True,True,True,True,0.12367796578913837,0.11387141061929235,0.13359547698084512,0.0703057184993235,6,True,True,True,True,True
12,0.0,-0.0073730407909553914,-0.009898341659402867,-0.005064073158369902,-0.004026628891466914,0,False,False,False,False,0.0005729953812934618,-0.0026978033821166538,0.0037623800930663173,0.000855874235583883,3,False,False,False,True,False
12,0.01,0.004468299903383525,0.0006111572835974301,0.008214097213195676,0.003225235841228432,3,False,True,False,True,0.012765231561835491,0.008357124033332611,0.01695742533829359,0.008071977811787515,6,True,True,True,True,False
12,0.05,0.051538691177800876,0.04454966327889313,0.058364828294684215,0.02970444015737883,6,True,True,True,True,0.06000210668915192,0.05270586601889978,0.06689684353104976,0.034316230932716275,6,True,True,True,True,True
12,0.1,0.11025750474934615,0.10114869514475315,0.11896635441747805,0.06387948264520078,6,True,True,True,True,0.11861452355936387,0.10950075230287269,0.12743987927653452,0.06824988666423887,6,True,True,True,True,True
13,0.0,-0.009962350670267184,-0.013258417112565795,-0.006875158507119666,-0.005000940927595158,0,False,False,False,False,-0.004908345281853743,-0.008604731083578714,-0.001225166346261295,-0.002608425372344273,0,False,False,False,False,False
13,0.01,0.0017183674199592325,-0.002694755075254506,0.005938631860248899,0.0008856955327869639,4,False,False,False,True,0.007121048577117743,0.002216458928938464,0.012030812645339426,0.003264983032975973,5,False,True,False,True,False
13,0.05,0.048037987751362754,0.04111081652214825,0.05538494376961417,0.02578839053006593,6,True,True,True,True,0.053939356572590226,0.04640756683201685,0.061830076644915744,0.028526827494336864,6,True,True,True,True,True
13,0.1,0.106054621448167,0.09663629665280833,0.11580043181385641,0.05858698873609695,6,True,True,True,True,0.11235301880593736,0.1020877373967648,0.12226117829986942,0.06145995067230716,6,True,True,True,True,True
14,0.0,-0.0067077723328282475,-0.009707382559351208,-0.003881660084161538,-0.0029495153144841932,1,False,False,False,False,-0.0024029197037751713,-0.006204608309951557,0.0012576531258306131,-0.0009986428886966658,2,False,False,False,False,False
14,0.01,0.00602918357571447,0.0014604088111811002,0.010644073355406725,0.0036528880564931643,6,False,True,True,True,0.010463343468621452,0.00515453827468782,0.015777745166863696,0.006044469355444615,6,True,True,True,True,False
14,0.05,0.05364053935285129,0.046032290656509676,0.06148164648602268,0.029578704389143267,6,True,True,True,True,0.05823841935144449,0.049983992323792616,0.06659710332024554,0.031827094012879344,6,True,True,True,True,True
14,0.1,0.11218553866421883,0.10273308809967291,0.12226315291263881,0.06295201271176255,6,True,True,True,True,0.1169003705383526,0.10714095218705194,0.12717100096188258,0.06552679352919294,6,True,True,True,True,True
15,0.0,-0.008730378512875428,-0.011725114539108678,-0.005844648351889378,-0.004262177443765354,0,False,False,False,False,-0.004592946081431071,-0.00800014323921244,-0.0011643317160064668,-0.001714378399774304,2,False,False,False,False,False
15,0.01,0.0029797169866647524,-0.0011849286362533543,0.006803200385499832,0.0021990189106344906,4,False,False,False,True,0.007422682817003146,0.0029272807165489348,0.011814216448735182,0.004812909821576283,5,False,True,False,True,False
15,0.05,0.04961199373029276,0.04266062321844689,0.056584005196211956,0.02692027292719379,6,True,True,True,True,0.05450655047667724,0.0472484608289705,0.062097102561876755,0.029221353962450236,6,True,True,True,True,True
15,0.1,0.10779515085923484,0.09853702400937726,0.117075234389451,0.05895777669436406,6,True,True,True,True,0.11306504555495143,0.10383682451943241,0.12292398961685247,0.06131054715624414,6,True,True,True,True,True
16,0.0,-0.008597199878844627,-0.011448640863112397,-0.00569846314191869,-0.004621134125560737,0,False,False,False,False,-0.001653506819750535,-0.005378883808192232,0.0021128820976766623,-0.0006070702725316143,2,False,False,False,False,False
16,0.01,0.004528085684276484,0.0005682220434150014,0.008129459350238668,0.003172787069071185,5,False,True,False,True,0.011263674916534147,0.006749720325858114,0.015666771891384084,0.006645701126791803,6,True,True,True,True,False
16,0.05,0.05295290446896463,0.04613165191091111,0.059346709083244804,0.02911105305536364,6,True,True,True,True,0.05940043270195174,0.0524453147983005,0.06626664433569354,0.03243139328681358,6,True,True,True,True,True
16,0.1,0.11256642393833301,0.10344495852479231,0.12122970608874992,0.06191933916462614,6,True,True,True,True,0.11878984811972965,0.10947698851401079,0.12761869936340461,0.06530911377274849,6,True,True,True,True,True
17,0.0,-0.0065030265045406726,-0.009353785313611017,-0.0039461572847923785,-0.0026334450898749715,0,False,False,False,False,0.00035332706302783806,-0.003488510382484201,0.003761806749094665,0.0009792961251237076,3,False,False,False,True,False
17,0.01,0.0032520984705495617,-0.0004866226587023319,0.0069051442544355,0.0021558307805156773,5,False,False,False,True,0.010254757096007594,0.005862290944892171,0.014438005519065957,0.00628084056553041,6,True,True,True,True,False
17,0.05,0.04728887447771113,0.04080350277048165,0.053751008379572814,0.026223035022221175,6,True,True,True,True,0.054333328131961255,0.04754683302869611,0.06145490207438385,0.03030389856695792,6,True,True,True,True,True
17,0.1,0.10401300922613498,0.09562904076045729,0.11345932201444443,0.05839331358892674,6,True,True,True,True,0.11096914409835333,0.10219622027732547,0.12080350030603053,0.062102913201528574,6,True,True,True,True,True
18,0.0,-0.01022232518072802,-0.013334464403691796,-0.007274008572201141,-0.005011402244938216,0,False,False,False,False,-0.004342192134233387,-0.008157897420434622,-0.0004650469061120188,-0.0026047634943855056,0,False,False,False,False,False
18,0.01,0.0010899291266197413,-0.0030035667521362865,0.005073463469966565,0.0005403242960300148,3,False,False,False,True,0.006784568476187654,0.0021325056151197167,0.011344824311193035,0.00300170123211572,4,False,True,False,True,False
18,0.05,0.04876303177039595,0.04181158822966577,0.0559395443725371,0.026187689620925308,6,True,True,True,True,0.054212985365595455,0.04703726716154813,0.06137875650764891,0.02883821596997412,6,True,True,True,True,True
18,0.1,0.10879711234754219,0.0994316072695171,0.11836485264362531,0.06035588983290494,6,True,True,True,True,0.11406792302894762,0.10452578885671959,0.12371343513715449,0.06335732873098433,6,True,True,True,True,True
19,0.0,-0.007849376611231843,-0.010736915773001916,-0.005127314363578317,-0.003848816662206822,0,False,False,False,False,0.0003022805991653166,-0.0036950349121335564,0.003617283877605949,3.46196857956745e-05,3,False,False,False,True,False
19,0.01,0.00429068421708038,-0.00014117351255209186,0.00835088434696644,0.0016858553989710368,6,False,False,True,True,0.012010800505097527,0.006766748876177276,0.016586756312109485,0.005748693950105484,6,True,True,True,True,False
19,0.05,0.052343698493142965,0.04503002704953042,0.05928899137307871,0.026700885070551888,6,True,True,True,True,0.05946858509980794,0.05132690929881751,0.0665449389880532,0.030379149749778178,6,True,True,True,True,True
19,0.1,0.11218517412826766,0.10252219522656887,0.1210143941568278,0.06045711656833824,6,True,True,True,True,0.1188503296568878,0.1087333555069016,0.12805410850492285,0.06352848719312369,6,True,True,True,True,True
20,0.0,-0.007858210918431715,-0.010482336230037113,-0.005173146637821997,-0.004989638908105942,0,False,False,False,False,-0.0008532900722346878,-0.004409339916790105,0.0027399290348634245,-0.0011442870006670436,2,False,False,False,False,False
20,0.01,0.0046580165033274406,0.0007232706031152343,0.008596112409522549,0.0012327451174678667,5,False,True,False,True,0.011833013262810499,0.0071683483603199715,0.016591287394989312,0.005039705792838967,6,True,True,True,True,False
20,0.05,0.051611732554082156,0.04475326706651165,0.05854295831586103,0.025716289278543285,6,True,True,True,True,0.05908917338340606,0.05165703265142554,0.06630014376072794,0.029846559087042496,6,True,True,True,True,True
20,0.1,0.10971436233124242,0.10056517303625839,0.11895037069655273,0.058403574461190176,6,True,True,True,True,0.11747815646458058,0.10773147902245478,0.12702863682978452,0.0626440276571104,6,True,True,True,True,True
21,0.0,-0.007262679908961382,-0.009974870033638318,-0.004618641379522604,-0.004264656117626535,0,False,False,False,False,-0.0008541345287319165,-0.004336737968543833,0.0028138134202943376,-0.00048109641959211597,3,False,False,False,False,False
21,0.01,0.0022229910642931894,-0.0019810803808813972,0.0063257612783106845,0.0014487334489533172,4,False,False,False,True,0.008706197833448134,0.0040523752342576606,0.013567255881450318,0.005223661722850807,5,False,True,False,True,False
21,0.05,0.0462017221735093,0.03912046439614287,0.053490581483904544,0.025723114279542547,6,True,True,True,True,0.05275480873237957,0.04572325638428754,0.060390068960879166,0.02953764311603953,6,True,True,True,True,True
21,0.1,0.10294673360197865,0.0940749215235098,0.11247005769579732,0.057957875932966606,6,True,True,True,True,0.10953062271367835,0.10036453832627086,0.11917535134431868,0.06181477038211445,6,True,True,True,True,True
22,0.0,-0.00787316970961982,-0.010578553176814796,-0.005084740641518864,-0.004892749156062674,0,False,False,False,False,-0.0013255902778196993,-0.004485119007007888,0.0022193652384583985,-0.0015520682744195047,1,False,False,False,False,False
22,0.01,0.003624896520605584,-0.00023119724721067548,0.007587796768378161,0.0015406652070454145,5,False,False,False,True,0.009740891648051567,0.005800290386683006,0.014269303160225922,0.005073641189990652,6,False,True,True,True,False
22,0.05,0.04963755192963012,0.04321535196943933,0.05665125904205672,0.02705771586314591,6,True,True,True,True,0.05520396274852468,0.048880370257011245,0.06246113069906677,0.03021857464550744,6,True,True,True,True,True
22,0.1,0.10716305299999807,0.09835003385624666,0.11659488232165703,0.05951677314286791,6,True,True,True,True,0.11233727227033297,0.1036234099916272,0.12196516829039343,0.062470395467422356,6,True,True,True,True,True
23,0.0,-0.008393775668712041,-0.011262043540731808,-0.005416681879266069,-0.004353217976934165,0,False,False,False,False,-0.00176266470065356,-0.00532352111008285,0.0017838873571146415,-0.0010230010423708524,2,False,False,False,False,False
23,0.01,0.0024564930334366464,-0.002018146306431892,0.007138752873147779,0.0015588867205910684,6,False,False,True,True,0.00928834359608921,0.004151660335676349,0.014300498604109434,0.004736717704098818,6,False,True,True,True,False
23,0.05,0.04815034472045595,0.04051443085585357,0.0561796341161728,0.026471006532486834,6,True,True,True,True,0.05519365072648996,0.04701008746467212,0.06370687044237112,0.0296368456997117,6,True,True,True,True,True
23,0.1,0.10622771648504455,0.09648296285545957,0.11674662784217493,0.05915148734621101,6,True,True,True,True,0.11338739387631813,0.10278579653307847,0.12431404350342196,0.062428921087932465,6,True,True,True,True,True
