seed,layer,samples,current_accuracy,final_accuracy,future_flip_rate,future_correction_rate,mean_delta_nll,median_delta_nll,candidate_id,residual_scale
503,1,4000,0.516,1.0,0.484,0.484,0.6990222334861755,0.6842430830001831,U5-R-scale-0.5,0.5
503,2,4000,0.9945,1.0,0.0055,0.0055,0.014304750598967,0.0008260529721155,U5-R-scale-0.5,0.5
503,3,4000,0.999,1.0,0.001,0.001,0.0028201374225318,2.259091706946492e-05,U5-R-scale-0.5,0.5
503,4,4000,1.0,1.0,0.0,0.0,0.0002399486547801,3.933941115974449e-06,U5-R-scale-0.5,0.5
503,5,4000,1.0,1.0,0.0,0.0,5.114962732477579e-06,8.344732123077847e-07,U5-R-scale-0.5,0.5
607,1,4000,0.51475,0.9485,0.48025,0.457,1.265486717224121,0.4745591878890991,U5-R-scale-0.5,0.5
607,2,4000,0.61875,0.9485,0.37225,0.351,0.9572699666023254,0.170924037694931,U5-R-scale-0.5,0.5
607,3,4000,0.812,0.9485,0.1735,0.155,0.3517539203166961,0.0174782741814851,U5-R-scale-0.5,0.5
607,4,4000,0.915,0.9485,0.0605,0.047,0.0630137249827385,0.0017062718980014,U5-R-scale-0.5,0.5
607,5,4000,0.94825,0.9485,0.01625,0.00825,-0.0023956799414008,0.0002141703153029,U5-R-scale-0.5,0.5
709,1,4000,0.48175,0.968,0.52875,0.5075,1.9719293117523196,0.8099155426025391,U5-R-scale-0.5,0.5
709,2,4000,0.63975,0.968,0.36725,0.34775,1.0687555074691772,0.083804041147232,U5-R-scale-0.5,0.5
709,3,4000,0.81075,0.968,0.18625,0.17175,0.5053921341896057,0.0116744451224803,U5-R-scale-0.5,0.5
709,4,4000,0.912,0.968,0.078,0.067,0.1388947069644928,0.0012534443521872,U5-R-scale-0.5,0.5
709,5,4000,0.96075,0.968,0.02125,0.01425,0.0162387620657682,0.0001826282677939,U5-R-scale-0.5,0.5
503,1,4000,0.5225,0.853,0.4925,0.4115,0.6892631649971008,0.4559551179409027,U5-A-scale-0.6,0.6
503,2,4000,0.6595,0.853,0.329,0.26125,0.44397833943367004,0.17619100213050842,U5-A-scale-0.6,0.6
503,3,4000,0.765,0.853,0.1885,0.13825,0.2640353739261627,0.023528404533863068,U5-A-scale-0.6,0.6
503,4,4000,0.81675,0.853,0.09875,0.0675,0.1298331320285797,0.002110839355736971,U5-A-scale-0.6,0.6
503,5,4000,0.84275,0.853,0.05125,0.03075,0.02892470546066761,0.0001215136144310236,U5-A-scale-0.6,0.6
607,1,4000,0.49925,0.97325,0.5,0.487,1.2318267822265625,0.5898655652999878,U5-A-scale-0.6,0.6
607,2,4000,0.69675,0.97325,0.302,0.28925,0.8245497941970825,0.08733992278575897,U5-A-scale-0.6,0.6
607,3,4000,0.8495,0.97325,0.14725,0.1355,0.33525681495666504,0.0037494904827326536,U5-A-scale-0.6,0.6
607,4,4000,0.94675,0.97325,0.048,0.03725,0.06381203979253769,0.00033097053528763354,U5-A-scale-0.6,0.6
607,5,4000,0.9695,0.97325,0.01525,0.0095,0.001488488749600947,4.8760484787635505e-05,U5-A-scale-0.6,0.6
709,1,4000,0.4965,1.0,0.5035,0.5035,0.7046041488647461,0.6944321393966675,U5-A-scale-0.6,0.6
709,2,4000,1.0,1.0,0.0,0.0,0.001653881510719657,0.0013086849357932806,U5-A-scale-0.6,0.6
709,3,4000,1.0,1.0,0.0,0.0,0.00011105845624115318,8.667161455377936e-05,U5-A-scale-0.6,0.6
709,4,4000,1.0,1.0,0.0,0.0,2.3372822397504933e-05,1.978940053959377e-05,U5-A-scale-0.6,0.6
709,5,4000,1.0,1.0,0.0,0.0,5.3766530072607566e-06,4.7685016397736035e-06,U5-A-scale-0.6,0.6
503,1,4000,0.51675,0.993,0.48125,0.47875,1.3081902265548706,0.6204245686531067,U5-B-scale-0.7,0.7
503,2,4000,0.75475,0.993,0.24325,0.24075,0.697554349899292,0.02700680121779442,U5-B-scale-0.7,0.7
503,3,4000,0.91425,0.993,0.08275,0.08075,0.223456472158432,0.0007619098760187626,U5-B-scale-0.7,0.7
503,4,4000,0.976,0.993,0.0205,0.01875,0.05001887306571007,6.13358715781942e-05,U5-B-scale-0.7,0.7
503,5,4000,0.991,0.993,0.004,0.003,0.004815130960196257,1.0610350727802143e-05,U5-B-scale-0.7,0.7
607,1,4000,0.52675,0.88025,0.484,0.41875,0.6956823468208313,0.5220319032669067,U5-B-scale-0.7,0.7
607,2,4000,0.68625,0.88025,0.3065,0.25025,0.564893901348114,0.028438080102205276,U5-B-scale-0.7,0.7
607,3,4000,0.78675,0.88025,0.1795,0.1365,0.27580514550209045,0.002069448586553335,U5-B-scale-0.7,0.7
607,4,4000,0.8285,0.88025,0.11425,0.083,0.10131605714559555,0.00032895468757487833,U5-B-scale-0.7,0.7
607,5,4000,0.873,0.88025,0.04575,0.0265,0.01578429341316223,4.907845868729055e-05,U5-B-scale-0.7,0.7
709,1,4000,0.50825,1.0,0.49175,0.49175,0.7090356349945068,0.6877533197402954,U5-B-scale-0.7,0.7
709,2,4000,0.97375,1.0,0.02625,0.02625,0.059144772589206696,0.0016843845369294286,U5-B-scale-0.7,0.7
709,3,4000,1.0,1.0,0.0,0.0,0.001131173805333674,0.00010252922947984189,U5-B-scale-0.7,0.7
709,4,4000,1.0,1.0,0.0,0.0,6.0031539760529995e-05,2.3604525267728604e-05,U5-B-scale-0.7,0.7
709,5,4000,1.0,1.0,0.0,0.0,1.1178287422808353e-05,6.437502634071279e-06,U5-B-scale-0.7,0.7
503,1,4000,0.55075,0.95175,0.4475,0.42425,0.986566424369812,0.43702104687690735,U5-C-scale-0.8,0.8
503,2,4000,0.69175,0.95175,0.3105,0.28525,0.711393415927887,0.1022532731294632,U5-C-scale-0.8,0.8
503,3,4000,0.77925,0.95175,0.22,0.19625,0.49924084544181824,0.009413264691829681,U5-C-scale-0.8,0.8
503,4,4000,0.8865,0.95175,0.10375,0.0845,0.16985854506492615,0.0008244621567428112,U5-C-scale-0.8,0.8
503,5,4000,0.94375,0.95175,0.036,0.022,0.01686687208712101,9.361022239318117e-05,U5-C-scale-0.8,0.8
607,1,4000,0.5415,0.915,0.447,0.41025,0.7979333400726318,0.37253665924072266,U5-C-scale-0.8,0.8
607,2,4000,0.588,0.915,0.4025,0.36475,0.9232786893844604,0.25147339701652527,U5-C-scale-0.8,0.8
607,3,4000,0.7505,0.915,0.2395,0.202,0.525184690952301,0.02103796973824501,U5-C-scale-0.8,0.8
607,4,4000,0.84675,0.915,0.13925,0.10375,0.20096063613891602,0.0015341159887611866,U5-C-scale-0.8,0.8
607,5,4000,0.89925,0.915,0.05925,0.0375,0.04344998300075531,0.00011595939577091485,U5-C-scale-0.8,0.8
709,1,4000,0.5095,0.9135,0.4645,0.43425,1.2199079990386963,0.1960686296224594,U5-C-scale-0.8,0.8
709,2,4000,0.797,0.9135,0.2125,0.1645,0.31428468227386475,0.037796229124069214,U5-C-scale-0.8,0.8
709,3,4000,0.869,0.9135,0.1455,0.095,0.1301969587802887,0.00321013480424881,U5-C-scale-0.8,0.8
709,4,4000,0.90025,0.9135,0.10075,0.057,0.03426367789506912,0.0005626198835670948,U5-C-scale-0.8,0.8
709,5,4000,0.91275,0.9135,0.04425,0.0225,-0.00020340293121989816,0.00011970642663072795,U5-C-scale-0.8,0.8
