seed,step,loss,final_loss,grad_norm,validation_final_accuracy,elapsed_seconds,validation_accuracy_layer_0,validation_accuracy_layer_1,validation_accuracy_layer_2,validation_accuracy_layer_3,validation_accuracy_layer_4
101,1,2.028059244155884,1.739388346672058,32.83551698144404,0.4666666666666667,0.15760146699994948,0.4666666666666667,0.4633333333333333,0.5233333333333333,0.4666666666666667,0.4666666666666667
101,100,0.8665313720703125,0.6932634115219116,0.5053198560889662,0.4666666666666667,6.652298490000248,0.4666666666666667,0.4666666666666667,0.4666666666666667,0.4666666666666667,0.4666666666666667
101,200,0.8513922691345215,0.6813158988952637,0.40639345457559245,0.4666666666666667,10.803402898000058,0.4666666666666667,0.4666666666666667,0.4666666666666667,0.4666666666666667,0.4666666666666667
101,300,0.8663649559020996,0.6926909685134888,0.21383734251644024,0.4633333333333333,14.977564625999548,0.4666666666666667,0.45,0.47333333333333333,0.4666666666666667,0.4633333333333333
101,400,0.8660171031951904,0.6934959292411804,0.17011595750653186,0.49333333333333335,19.017268435000005,0.4666666666666667,0.5,0.49666666666666665,0.49666666666666665,0.49333333333333335
101,500,0.8527804017066956,0.6828791499137878,0.640175925886614,0.5333333333333333,23.148073503999512,0.4666666666666667,0.5233333333333333,0.5266666666666666,0.5333333333333333,0.5333333333333333
101,600,0.8627451062202454,0.6915397644042969,0.732818895320924,0.5866666666666667,27.16031414600002,0.4666666666666667,0.5133333333333333,0.5866666666666667,0.5866666666666667,0.5866666666666667
101,700,0.8292791247367859,0.6617180109024048,0.874241445850813,0.6433333333333333,31.233315331000085,0.4666666666666667,0.49666666666666665,0.6233333333333333,0.64,0.6433333333333333
101,800,0.7712572813034058,0.6107060313224792,0.6996064131507185,0.6566666666666666,35.32421164599964,0.4666666666666667,0.55,0.61,0.6533333333333333,0.6566666666666666
101,900,0.730270504951477,0.5723475813865662,1.0385326036681288,0.65,39.52969258699977,0.4666666666666667,0.52,0.65,0.6566666666666666,0.65
101,1000,0.8286511301994324,0.6585065126419067,2.185899304411124,0.72,44.09149957599948,0.4666666666666667,0.44666666666666666,0.69,0.7,0.72
101,1100,0.7448151707649231,0.5831803679466248,1.4753263141630195,0.7033333333333334,48.30350440500024,0.4666666666666667,0.49333333333333335,0.7066666666666667,0.71,0.7033333333333334
101,1200,0.6009880900382996,0.46094274520874023,1.5261447587136123,0.7366666666666667,52.821754360999876,0.4666666666666667,0.5266666666666666,0.7233333333333334,0.73,0.7366666666666667
101,1300,0.5672292709350586,0.4297949969768524,1.213681011198914,0.77,57.127566234999904,0.4666666666666667,0.5166666666666667,0.7833333333333333,0.7533333333333333,0.77
101,1400,0.49479377269744873,0.36279159784317017,3.851066681760279,0.8166666666666667,61.20041723600025,0.4666666666666667,0.5233333333333333,0.7866666666666666,0.7933333333333333,0.8166666666666667
101,1500,0.5158094763755798,0.3863019645214081,1.6139301461317677,0.83,65.50971540399951,0.4666666666666667,0.5033333333333333,0.7933333333333333,0.8133333333333334,0.83
101,1600,0.5591069459915161,0.42329439520835876,8.401938822634976,0.8266666666666667,69.64736020500004,0.4666666666666667,0.5366666666666666,0.8033333333333333,0.8033333333333333,0.8266666666666667
101,1700,0.5454785823822021,0.4090517461299896,3.9949557000206375,0.8533333333333334,73.79134557499947,0.4666666666666667,0.49666666666666665,0.7833333333333333,0.82,0.8533333333333334
101,1800,0.34749943017959595,0.22836396098136902,1.3266556065021042,0.8533333333333334,77.91468599000018,0.4666666666666667,0.4533333333333333,0.8233333333333334,0.8166666666666667,0.8533333333333334
