candidate_id,seed,trained_in_t1_u4,residual_scale,transition,tail_mean_validation_accuracy,tail_std_validation_accuracy,terminal_validation_accuracy,best_validation_accuracy,best_validation_step,terminal_grad_norm,maximum_logged_grad_norm
U4-A-reference,503,False,1.0,abrupt,0.9541666666666667,0.00396746023807939,0.9583333333333334,0.9616666666666668,2800,8.745344045516037,26.85505509359655
U4-A-reference,607,False,1.0,abrupt,0.7741666666666667,0.01680498162472685,0.7966666666666666,0.7966666666666666,4000,6.257312561931089,52.234384110398885
U4-A-reference,709,False,1.0,abrupt,0.8704166666666667,0.011892652571448682,0.8833333333333333,0.8833333333333333,4000,19.29175862606412,19.29175862606412
U4-B-residual-half,503,True,0.5,abrupt,1.0,0.0,1.0,1.0,1400,0.00019644102507130495,7.947085616480047
U4-B-residual-half,607,True,0.5,abrupt,0.9541666666666667,0.014043582955293938,0.9633333333333334,0.9633333333333334,4000,8.01994534022346,70.96558879240295
U4-B-residual-half,709,True,0.5,abrupt,0.9416666666666667,0.015456030825826136,0.955,0.955,4000,33.39932596408202,33.39932596408202
U4-C-aux-taper,503,True,1.0,area_matched_taper,0.96,0.012909944487358063,0.9616666666666667,0.9716666666666667,3900,8.44660750770658,17.14340770291426
U4-C-aux-taper,607,True,1.0,area_matched_taper,0.7604166666666666,0.025179908216230205,0.7916666666666666,0.7916666666666666,4000,2.611579246418947,52.234384110398885
U4-C-aux-taper,709,True,1.0,area_matched_taper,0.8354166666666666,0.014425735747331999,0.8316666666666667,0.8616666666666667,3100,14.998290264955548,18.187192773290295
U4-D-combined,503,True,0.5,area_matched_taper,1.0,0.0,1.0,1.0,1400,0.00019569869716587834,7.947085616480047
U4-D-combined,607,True,0.5,area_matched_taper,0.9483333333333334,0.01027402333828162,0.9566666666666667,0.9566666666666667,4000,6.126568745308525,70.96558879240295
U4-D-combined,709,True,0.5,area_matched_taper,0.955,0.017051121392469778,0.9716666666666667,0.9716666666666667,4000,1.8765202407108381,10.812482150361777
