candidate_id,residual_scale,seed,step,phase,phase_step,phase_chain_hops,auxiliary_loss_weight,learning_rate,loss,final_loss,grad_norm,validation_final_accuracy,elapsed_seconds,validation_accuracy_layer_0,validation_accuracy_layer_1,validation_accuracy_layer_2,validation_accuracy_layer_3,validation_accuracy_layer_4,validation_accuracy_layer_5,validation_accuracy_layer_6
U5-C-scale-0.8,0.8,709,1,full_auxiliary,1,1,0.02,0.0012,0.7414529323577881,0.7242145538330078,8.312795813750917,0.48,1.6856872270000167,0.52,0.47833333333333333,0.48,0.48,0.48,0.48,0.48
U5-C-scale-0.8,0.8,709,200,full_auxiliary,200,1,0.02,0.0012,0.7375789284706116,0.7230951189994812,1.5693436768655418,0.52,21.411504451999463,0.52,0.47,0.52,0.52,0.52,0.52,0.52
U5-C-scale-0.8,0.8,709,400,full_auxiliary,400,1,0.02,0.0012,0.7025787830352783,0.6888483762741089,0.16283655061272825,0.52,39.73651366499962,0.52,0.4816666666666667,0.515,0.51,0.5266666666666666,0.5233333333333333,0.52
U5-C-scale-0.8,0.8,709,600,full_auxiliary,600,1,0.02,0.0012,0.6551420092582703,0.6407333016395569,1.5733285676502848,0.5983333333333334,57.02937139400001,0.52,0.5133333333333333,0.57,0.5783333333333334,0.5916666666666667,0.595,0.5983333333333334
U5-C-scale-0.8,0.8,709,800,full_auxiliary,800,1,0.02,0.0012,0.5339053869247437,0.5226573348045349,1.3017286468559652,0.7416666666666667,76.9371347010001,0.52,0.48333333333333334,0.66,0.6733333333333333,0.7083333333333334,0.7266666666666667,0.7416666666666667
U5-C-scale-0.8,0.8,709,1000,full_auxiliary,1000,1,0.02,0.0012,0.5378618240356445,0.5267142653465271,0.45077551821124606,0.7566666666666667,94.01294247700025,0.52,0.4816666666666667,0.7066666666666667,0.755,0.76,0.7566666666666667,0.7566666666666667
U5-C-scale-0.8,0.8,709,1200,full_auxiliary,1200,1,0.02,0.0012,0.6308683753013611,0.6183881163597107,3.4794521164199397,0.73,110.87979434399949,0.52,0.49166666666666664,0.6833333333333333,0.7116666666666667,0.72,0.735,0.73
U5-C-scale-0.8,0.8,709,1400,full_auxiliary,1400,1,0.02,0.0012,0.41797128319740295,0.4080128073692322,1.2278583609424003,0.7983333333333333,129.44963910099978,0.52,0.5216666666666666,0.6883333333333334,0.765,0.7966666666666666,0.7983333333333333,0.7983333333333333
U5-C-scale-0.8,0.8,709,1600,full_auxiliary,1600,1,0.02,0.0012,0.4596705138683319,0.44821080565452576,1.2643655025294784,0.7833333333333333,151.29831429600017,0.52,0.5133333333333333,0.6816666666666666,0.685,0.705,0.7583333333333333,0.7833333333333333
U5-C-scale-0.8,0.8,709,1700,full_auxiliary,1700,1,0.02,0.0012,0.31376421451568604,0.3055429458618164,1.7468472233256205,0.8116666666666666,161.76133208600004,0.52,0.5033333333333333,0.6933333333333334,0.7283333333333334,0.7733333333333333,0.7966666666666666,0.8116666666666666
U5-C-scale-0.8,0.8,709,1701,taper_015,1,1,0.015,0.0012,0.40545278787612915,0.39759206771850586,1.0569883568905452,0.8183333333333334,162.31754823899973,0.52,0.49,0.6983333333333334,0.7366666666666667,0.7766666666666666,0.805,0.8183333333333334
U5-C-scale-0.8,0.8,709,1900,taper_015,200,1,0.015,0.0012,0.32619616389274597,0.3201647698879242,0.6645914798814542,0.815,179.70298085000013,0.52,0.48333333333333334,0.7133333333333334,0.75,0.7783333333333333,0.8066666666666666,0.815
U5-C-scale-0.8,0.8,709,1901,taper_010_pre_transition,1,1,0.01,0.0012,0.3367692828178406,0.3322526216506958,2.0653091440860862,0.805,180.52620566099995,0.52,0.49333333333333335,0.7166666666666667,0.7483333333333333,0.775,0.795,0.805
U5-C-scale-0.8,0.8,709,2000,taper_010_pre_transition,100,1,0.01,0.0012,0.3426344096660614,0.3380012512207031,3.6037438926482244,0.8266666666666667,190.03313533999972,0.52,0.49666666666666665,0.72,0.7616666666666667,0.795,0.8216666666666667,0.8266666666666667
U5-C-scale-0.8,0.8,709,2001,taper_010_post_transition,1,1,0.01,0.0005,0.3443255126476288,0.33959001302719116,1.8940581691391962,0.8183333333333334,190.56495639900004,0.5533333333333333,0.5333333333333333,0.7133333333333334,0.7716666666666666,0.8083333333333333,0.8133333333333334,0.8183333333333334
U5-C-scale-0.8,0.8,709,2100,taper_010_post_transition,100,1,0.01,0.0005,0.25170254707336426,0.24772751331329346,1.1740106655275173,0.83,200.27007330200013,0.5533333333333333,0.5316666666666666,0.74,0.81,0.8333333333333334,0.8333333333333334,0.83
U5-C-scale-0.8,0.8,709,2101,taper_005,1,1,0.005,0.0005,0.1661214828491211,0.16438549757003784,2.9836067099206574,0.8383333333333334,200.78038929899958,0.5533333333333333,0.535,0.7433333333333333,0.8183333333333334,0.8383333333333334,0.8366666666666667,0.8383333333333334
U5-C-scale-0.8,0.8,709,2300,taper_005,200,1,0.005,0.0005,0.2673511803150177,0.2651920020580292,1.4881558410413702,0.8483333333333334,219.178357152,0.5533333333333333,0.535,0.755,0.8083333333333333,0.8366666666666667,0.84,0.8483333333333334
U5-C-scale-0.8,0.8,709,2301,final_only,1,1,0.0,0.0005,0.37078702449798584,0.37078702449798584,4.038704529307507,0.8433333333333334,220.24547006299963,0.5533333333333333,0.5333333333333333,0.7516666666666667,0.81,0.8333333333333334,0.835,0.8433333333333334
U5-C-scale-0.8,0.8,709,2500,final_only,200,1,0.0,0.0005,0.22111943364143372,0.22111943364143372,2.5734819595944725,0.865,238.01016633899962,0.5533333333333333,0.5483333333333333,0.775,0.8283333333333334,0.8416666666666667,0.8566666666666667,0.865
U5-C-scale-0.8,0.8,709,2700,final_only,400,1,0.0,0.0005,0.18430167436599731,0.18430167436599731,2.1341552645187933,0.8733333333333333,257.52820726400023,0.5533333333333333,0.54,0.795,0.8266666666666667,0.845,0.8566666666666667,0.8733333333333333
U5-C-scale-0.8,0.8,709,2900,final_only,600,1,0.0,0.0005,0.20923009514808655,0.20923009514808655,2.964199136557917,0.88,274.47237215399946,0.5533333333333333,0.5416666666666666,0.8066666666666666,0.85,0.875,0.8766666666666667,0.88
U5-C-scale-0.8,0.8,709,3100,final_only,800,1,0.0,0.0005,0.1250658929347992,0.1250658929347992,1.5183280602939606,0.8883333333333333,291.25136629200006,0.5533333333333333,0.5433333333333333,0.8116666666666666,0.845,0.8783333333333333,0.8866666666666667,0.8883333333333333
U5-C-scale-0.8,0.8,709,3300,final_only,1000,1,0.0,0.0005,0.16424307227134705,0.16424307227134705,3.3217000009165427,0.9,308.4458250380003,0.5533333333333333,0.5416666666666666,0.7966666666666666,0.8516666666666667,0.885,0.8916666666666667,0.9
U5-C-scale-0.8,0.8,709,3500,final_only,1200,1,0.0,0.0005,0.23561248183250427,0.23561248183250427,11.891575125390151,0.8983333333333333,326.0877837910002,0.5533333333333333,0.54,0.8183333333333334,0.8666666666666667,0.8866666666666667,0.9066666666666666,0.8983333333333333
U5-C-scale-0.8,0.8,709,3700,final_only,1400,1,0.0,0.0005,0.15726765990257263,0.15726765990257263,2.673053705500648,0.9183333333333333,342.6166346829996,0.5533333333333333,0.5433333333333333,0.8033333333333333,0.8533333333333334,0.885,0.9033333333333333,0.9183333333333333
U5-C-scale-0.8,0.8,709,3900,final_only,1600,1,0.0,0.0005,0.11494597047567368,0.11494597047567368,5.7233200138077605,0.905,359.27206401500007,0.5533333333333333,0.5516666666666666,0.7866666666666666,0.8383333333333334,0.895,0.9083333333333333,0.905
U5-C-scale-0.8,0.8,709,4000,final_only,1700,1,0.0,0.0005,0.1363302320241928,0.1363302320241928,3.1021930195340426,0.9233333333333333,367.70582554700013,0.5533333333333333,0.5533333333333333,0.8066666666666666,0.855,0.8883333333333333,0.9166666666666666,0.9233333333333333
