seed,layer,task,feature_family,ordered_condition,comparator,metric,effect_favoring_ordered
101,1,delta_nll_to_final,state_history,ordered_history,current,r2,1.7260886364667272e-07
101,1,delta_nll_to_final,state_history,ordered_history,current,mae,9.020342864318742e-08
101,1,delta_nll_to_final,state_history,ordered_history,current,spearman,-1.1934658193171743e-06
101,1,delta_nll_to_final,state_history,ordered_history,shuffled_history,r2,0.0
101,1,delta_nll_to_final,state_history,ordered_history,shuffled_history,mae,-0.0
101,1,delta_nll_to_final,state_history,ordered_history,shuffled_history,spearman,0.0
101,1,delta_nll_to_final,state_history,ordered_history,dimension_matched,r2,0.0007159764925743772
101,1,delta_nll_to_final,state_history,ordered_history,dimension_matched,mae,1.478679980279618e-06
101,1,delta_nll_to_final,state_history,ordered_history,dimension_matched,spearman,0.0010549906434298845
101,1,delta_nll_to_final,state_history,ordered_history,sample_mismatched_history,r2,0.0
101,1,delta_nll_to_final,state_history,ordered_history,sample_mismatched_history,mae,-0.0
101,1,delta_nll_to_final,state_history,ordered_history,sample_mismatched_history,spearman,0.0
101,1,delta_nll_to_final,attention_history,ordered_attention_history,current_plus_current_attention,r2,6.588336460833233e-07
101,1,delta_nll_to_final,attention_history,ordered_attention_history,current_plus_current_attention,mae,8.829599915105568e-08
101,1,delta_nll_to_final,attention_history,ordered_attention_history,current_plus_current_attention,spearman,3.9372877999585554e-05
101,1,delta_nll_to_final,attention_history,ordered_attention_history,shuffled_attention_history,r2,0.0
101,1,delta_nll_to_final,attention_history,ordered_attention_history,shuffled_attention_history,mae,-0.0
101,1,delta_nll_to_final,attention_history,ordered_attention_history,shuffled_attention_history,spearman,0.0
101,1,delta_nll_to_final,attention_history,ordered_attention_history,attention_dimension_matched,r2,0.0
101,1,delta_nll_to_final,attention_history,ordered_attention_history,attention_dimension_matched,mae,-0.0
101,1,delta_nll_to_final,attention_history,ordered_attention_history,attention_dimension_matched,spearman,0.0
101,1,delta_nll_to_final,attention_history,ordered_attention_history,sample_mismatched_attention_history,r2,0.0
101,1,delta_nll_to_final,attention_history,ordered_attention_history,sample_mismatched_attention_history,mae,-0.0
101,1,delta_nll_to_final,attention_history,ordered_attention_history,sample_mismatched_attention_history,spearman,0.0
101,1,future_correction,state_history,ordered_history,current,roc_auc,-0.00014313853673963983
101,1,future_correction,state_history,ordered_history,current,log_loss,-3.0423913105426248e-05
101,1,future_correction,state_history,ordered_history,shuffled_history,roc_auc,0.0
101,1,future_correction,state_history,ordered_history,shuffled_history,log_loss,-0.0
101,1,future_correction,state_history,ordered_history,dimension_matched,roc_auc,-0.005366626929699692
101,1,future_correction,state_history,ordered_history,dimension_matched,log_loss,-0.00175876124204849
101,1,future_correction,state_history,ordered_history,sample_mismatched_history,roc_auc,0.0
101,1,future_correction,state_history,ordered_history,sample_mismatched_history,log_loss,-0.0
101,1,future_correction,attention_history,ordered_attention_history,current_plus_current_attention,roc_auc,0.0008310580715180649
101,1,future_correction,attention_history,ordered_attention_history,current_plus_current_attention,log_loss,-9.829408980810417e-06
101,1,future_correction,attention_history,ordered_attention_history,shuffled_attention_history,roc_auc,0.0
101,1,future_correction,attention_history,ordered_attention_history,shuffled_attention_history,log_loss,-0.0
101,1,future_correction,attention_history,ordered_attention_history,attention_dimension_matched,roc_auc,0.0
101,1,future_correction,attention_history,ordered_attention_history,attention_dimension_matched,log_loss,-0.0
101,1,future_correction,attention_history,ordered_attention_history,sample_mismatched_attention_history,roc_auc,0.0
101,1,future_correction,attention_history,ordered_attention_history,sample_mismatched_attention_history,log_loss,-0.0
101,1,future_flip,state_history,ordered_history,current,roc_auc,-0.00046316485147579467
101,1,future_flip,state_history,ordered_history,current,log_loss,-3.644003893976677e-05
101,1,future_flip,state_history,ordered_history,shuffled_history,roc_auc,0.0
101,1,future_flip,state_history,ordered_history,shuffled_history,log_loss,-0.0
101,1,future_flip,state_history,ordered_history,dimension_matched,roc_auc,-0.006411176628322357
101,1,future_flip,state_history,ordered_history,dimension_matched,log_loss,-0.005824775440284591
101,1,future_flip,state_history,ordered_history,sample_mismatched_history,roc_auc,0.0
101,1,future_flip,state_history,ordered_history,sample_mismatched_history,log_loss,-0.0
101,1,future_flip,attention_history,ordered_attention_history,current_plus_current_attention,roc_auc,-0.00017876538127137298
101,1,future_flip,attention_history,ordered_attention_history,current_plus_current_attention,log_loss,-2.585923708331439e-05
101,1,future_flip,attention_history,ordered_attention_history,shuffled_attention_history,roc_auc,0.0
101,1,future_flip,attention_history,ordered_attention_history,shuffled_attention_history,log_loss,-0.0
101,1,future_flip,attention_history,ordered_attention_history,attention_dimension_matched,roc_auc,0.0
101,1,future_flip,attention_history,ordered_attention_history,attention_dimension_matched,log_loss,-0.0
101,1,future_flip,attention_history,ordered_attention_history,sample_mismatched_attention_history,roc_auc,0.0
101,1,future_flip,attention_history,ordered_attention_history,sample_mismatched_attention_history,log_loss,-0.0
101,2,delta_nll_to_final,state_history,ordered_history,current,r2,-0.0050514948360163014
101,2,delta_nll_to_final,state_history,ordered_history,current,mae,0.0003282294173634487
101,2,delta_nll_to_final,state_history,ordered_history,current,spearman,-0.005434968450908476
101,2,delta_nll_to_final,state_history,ordered_history,shuffled_history,r2,0.010595778418440949
101,2,delta_nll_to_final,state_history,ordered_history,shuffled_history,mae,0.000374804560381789
101,2,delta_nll_to_final,state_history,ordered_history,shuffled_history,spearman,-0.03709154867037882
101,2,delta_nll_to_final,state_history,ordered_history,dimension_matched,r2,-0.0036756492811127472
101,2,delta_nll_to_final,state_history,ordered_history,dimension_matched,mae,0.00040707182740826187
101,2,delta_nll_to_final,state_history,ordered_history,dimension_matched,spearman,-0.0037977527909868053
101,2,delta_nll_to_final,state_history,ordered_history,sample_mismatched_history,r2,0.008753237272230097
101,2,delta_nll_to_final,state_history,ordered_history,sample_mismatched_history,mae,0.001457049041165559
101,2,delta_nll_to_final,state_history,ordered_history,sample_mismatched_history,spearman,0.0051582501423645954
101,2,delta_nll_to_final,attention_history,ordered_attention_history,current_plus_current_attention,r2,-0.00031231233458606233
101,2,delta_nll_to_final,attention_history,ordered_attention_history,current_plus_current_attention,mae,-1.0665110786178822e-05
101,2,delta_nll_to_final,attention_history,ordered_attention_history,current_plus_current_attention,spearman,0.0045811528510454474
101,2,delta_nll_to_final,attention_history,ordered_attention_history,shuffled_attention_history,r2,0.0
101,2,delta_nll_to_final,attention_history,ordered_attention_history,shuffled_attention_history,mae,-0.0
101,2,delta_nll_to_final,attention_history,ordered_attention_history,shuffled_attention_history,spearman,0.0
101,2,delta_nll_to_final,attention_history,ordered_attention_history,attention_dimension_matched,r2,-0.00030939865226198293
101,2,delta_nll_to_final,attention_history,ordered_attention_history,attention_dimension_matched,mae,-1.0612672819529378e-05
101,2,delta_nll_to_final,attention_history,ordered_attention_history,attention_dimension_matched,spearman,0.004564032479267871
101,2,delta_nll_to_final,attention_history,ordered_attention_history,sample_mismatched_attention_history,r2,0.003175286156152257
101,2,delta_nll_to_final,attention_history,ordered_attention_history,sample_mismatched_attention_history,mae,3.5013082320442535e-05
101,2,delta_nll_to_final,attention_history,ordered_attention_history,sample_mismatched_attention_history,spearman,0.0036828712053657287
101,2,future_correction,state_history,ordered_history,current,roc_auc,0.010399500109866011
101,2,future_correction,state_history,ordered_history,current,log_loss,0.00734376248741736
101,2,future_correction,state_history,ordered_history,shuffled_history,roc_auc,0.0021320863546473445
101,2,future_correction,state_history,ordered_history,shuffled_history,log_loss,0.002042828886679393
101,2,future_correction,state_history,ordered_history,dimension_matched,roc_auc,0.012026889694572662
101,2,future_correction,state_history,ordered_history,dimension_matched,log_loss,0.008350700654441379
101,2,future_correction,state_history,ordered_history,sample_mismatched_history,roc_auc,0.020479702263238808
101,2,future_correction,state_history,ordered_history,sample_mismatched_history,log_loss,0.012974932485360191
101,2,future_correction,attention_history,ordered_attention_history,current_plus_current_attention,roc_auc,0.0016411228301473901
101,2,future_correction,attention_history,ordered_attention_history,current_plus_current_attention,log_loss,0.001152383811313551
101,2,future_correction,attention_history,ordered_attention_history,shuffled_attention_history,roc_auc,0.0
101,2,future_correction,attention_history,ordered_attention_history,shuffled_attention_history,log_loss,-0.0
101,2,future_correction,attention_history,ordered_attention_history,attention_dimension_matched,roc_auc,0.0011776257965282477
101,2,future_correction,attention_history,ordered_attention_history,attention_dimension_matched,log_loss,0.0009969240791306566
101,2,future_correction,attention_history,ordered_attention_history,sample_mismatched_attention_history,roc_auc,0.00027466490881145056
101,2,future_correction,attention_history,ordered_attention_history,sample_mismatched_attention_history,log_loss,6.042543136658418e-05
101,2,future_flip,state_history,ordered_history,current,roc_auc,0.018542787624624246
101,2,future_flip,state_history,ordered_history,current,log_loss,0.030200330359520744
101,2,future_flip,state_history,ordered_history,shuffled_history,roc_auc,0.0037758150023738946
101,2,future_flip,state_history,ordered_history,shuffled_history,log_loss,0.007325722220011044
101,2,future_flip,state_history,ordered_history,dimension_matched,roc_auc,0.019606049216648214
101,2,future_flip,state_history,ordered_history,dimension_matched,log_loss,0.031198610034227303
101,2,future_flip,state_history,ordered_history,sample_mismatched_history,roc_auc,0.023643970564962813
101,2,future_flip,state_history,ordered_history,sample_mismatched_history,log_loss,0.03457122403280721
101,2,future_flip,attention_history,ordered_attention_history,current_plus_current_attention,roc_auc,0.002804043361291364
101,2,future_flip,attention_history,ordered_attention_history,current_plus_current_attention,log_loss,0.002980022523575543
101,2,future_flip,attention_history,ordered_attention_history,shuffled_attention_history,roc_auc,0.0
101,2,future_flip,attention_history,ordered_attention_history,shuffled_attention_history,log_loss,-0.0
101,2,future_flip,attention_history,ordered_attention_history,attention_dimension_matched,roc_auc,0.002821352270928945
101,2,future_flip,attention_history,ordered_attention_history,attention_dimension_matched,log_loss,0.0029961660634579834
101,2,future_flip,attention_history,ordered_attention_history,sample_mismatched_attention_history,roc_auc,0.0036670161417946545
101,2,future_flip,attention_history,ordered_attention_history,sample_mismatched_attention_history,log_loss,0.004315806258231358
101,3,delta_nll_to_final,state_history,ordered_history,current,r2,-0.044841470245630566
101,3,delta_nll_to_final,state_history,ordered_history,current,mae,0.00019270991334038173
101,3,delta_nll_to_final,state_history,ordered_history,current,spearman,0.011516917582347153
101,3,delta_nll_to_final,state_history,ordered_history,shuffled_history,r2,0.024839332250451207
101,3,delta_nll_to_final,state_history,ordered_history,shuffled_history,mae,0.0011529718737204944
101,3,delta_nll_to_final,state_history,ordered_history,shuffled_history,spearman,0.025629333880208664
101,3,delta_nll_to_final,state_history,ordered_history,dimension_matched,r2,-0.0422442659000104
101,3,delta_nll_to_final,state_history,ordered_history,dimension_matched,mae,0.0002140978953126607
101,3,delta_nll_to_final,state_history,ordered_history,dimension_matched,spearman,0.011881795505856628
101,3,delta_nll_to_final,state_history,ordered_history,sample_mismatched_history,r2,-0.019517419712185236
101,3,delta_nll_to_final,state_history,ordered_history,sample_mismatched_history,mae,0.001038666863470511
101,3,delta_nll_to_final,state_history,ordered_history,sample_mismatched_history,spearman,0.01967365321267896
101,3,delta_nll_to_final,attention_history,ordered_attention_history,current_plus_current_attention,r2,-0.004881866665034984
101,3,delta_nll_to_final,attention_history,ordered_attention_history,current_plus_current_attention,mae,4.009632731905022e-05
101,3,delta_nll_to_final,attention_history,ordered_attention_history,current_plus_current_attention,spearman,0.007097767393656857
101,3,delta_nll_to_final,attention_history,ordered_attention_history,shuffled_attention_history,r2,0.012996072266851177
101,3,delta_nll_to_final,attention_history,ordered_attention_history,shuffled_attention_history,mae,0.00026588294080450575
101,3,delta_nll_to_final,attention_history,ordered_attention_history,shuffled_attention_history,spearman,0.02019323246352079
101,3,delta_nll_to_final,attention_history,ordered_attention_history,attention_dimension_matched,r2,-0.004840727087103369
101,3,delta_nll_to_final,attention_history,ordered_attention_history,attention_dimension_matched,mae,4.049177244055957e-05
101,3,delta_nll_to_final,attention_history,ordered_attention_history,attention_dimension_matched,spearman,0.007079359560766333
101,3,delta_nll_to_final,attention_history,ordered_attention_history,sample_mismatched_attention_history,r2,-0.00031301637710590136
101,3,delta_nll_to_final,attention_history,ordered_attention_history,sample_mismatched_attention_history,mae,0.00011961239420747727
101,3,delta_nll_to_final,attention_history,ordered_attention_history,sample_mismatched_attention_history,spearman,0.007603247514799507
101,3,future_correction,state_history,ordered_history,current,roc_auc,0.03647592905405406
101,3,future_correction,state_history,ordered_history,current,log_loss,0.011754315309720098
101,3,future_correction,state_history,ordered_history,shuffled_history,roc_auc,0.04645270270270274
101,3,future_correction,state_history,ordered_history,shuffled_history,log_loss,0.017000879011220243
101,3,future_correction,state_history,ordered_history,dimension_matched,roc_auc,0.032684051238738854
101,3,future_correction,state_history,ordered_history,dimension_matched,log_loss,0.010622360230215067
101,3,future_correction,state_history,ordered_history,sample_mismatched_history,roc_auc,0.051317919481982055
101,3,future_correction,state_history,ordered_history,sample_mismatched_history,log_loss,0.017603622239989403
101,3,future_correction,attention_history,ordered_attention_history,current_plus_current_attention,roc_auc,0.0033607826576578237
101,3,future_correction,attention_history,ordered_attention_history,current_plus_current_attention,log_loss,0.001225963386405432
101,3,future_correction,attention_history,ordered_attention_history,shuffled_attention_history,roc_auc,0.0060177364864865135
101,3,future_correction,attention_history,ordered_attention_history,shuffled_attention_history,log_loss,0.0015241964714819145
101,3,future_correction,attention_history,ordered_attention_history,attention_dimension_matched,roc_auc,0.0042581644144145114
101,3,future_correction,attention_history,ordered_attention_history,attention_dimension_matched,log_loss,0.001505384208160404
101,3,future_correction,attention_history,ordered_attention_history,sample_mismatched_attention_history,roc_auc,0.0033343890765765716
101,3,future_correction,attention_history,ordered_attention_history,sample_mismatched_attention_history,log_loss,0.0027973092635324437
101,3,future_flip,state_history,ordered_history,current,roc_auc,0.02993518518518523
101,3,future_flip,state_history,ordered_history,current,log_loss,0.03169772672999832
101,3,future_flip,state_history,ordered_history,shuffled_history,roc_auc,0.02706481481481482
101,3,future_flip,state_history,ordered_history,shuffled_history,log_loss,0.025526829957873143
101,3,future_flip,state_history,ordered_history,dimension_matched,roc_auc,0.026550925925925895
101,3,future_flip,state_history,ordered_history,dimension_matched,log_loss,0.027716296118932227
101,3,future_flip,state_history,ordered_history,sample_mismatched_history,roc_auc,0.04207407407407404
101,3,future_flip,state_history,ordered_history,sample_mismatched_history,log_loss,0.03704261191722008
101,3,future_flip,attention_history,ordered_attention_history,current_plus_current_attention,roc_auc,0.0011342592592593626
101,3,future_flip,attention_history,ordered_attention_history,current_plus_current_attention,log_loss,0.0017168472089126308
101,3,future_flip,attention_history,ordered_attention_history,shuffled_attention_history,roc_auc,0.004537037037037117
101,3,future_flip,attention_history,ordered_attention_history,shuffled_attention_history,log_loss,0.00412820623526905
101,3,future_flip,attention_history,ordered_attention_history,attention_dimension_matched,roc_auc,0.002180555555555741
101,3,future_flip,attention_history,ordered_attention_history,attention_dimension_matched,log_loss,0.002287926379111571
101,3,future_flip,attention_history,ordered_attention_history,sample_mismatched_attention_history,roc_auc,0.004837962962963016
101,3,future_flip,attention_history,ordered_attention_history,sample_mismatched_attention_history,log_loss,0.00338479988988738
101,4,delta_nll_to_final,state_history,ordered_history,current,r2,0.021001787065173638
101,4,delta_nll_to_final,state_history,ordered_history,current,mae,0.0005702826873161121
101,4,delta_nll_to_final,state_history,ordered_history,current,spearman,0.035133137211997824
101,4,delta_nll_to_final,state_history,ordered_history,shuffled_history,r2,0.2129056902567269
101,4,delta_nll_to_final,state_history,ordered_history,shuffled_history,mae,0.0021193067019582706
101,4,delta_nll_to_final,state_history,ordered_history,shuffled_history,spearman,0.04503057176548571
101,4,delta_nll_to_final,state_history,ordered_history,dimension_matched,r2,0.021745665543363768
101,4,delta_nll_to_final,state_history,ordered_history,dimension_matched,mae,0.0005781549627749891
101,4,delta_nll_to_final,state_history,ordered_history,dimension_matched,spearman,0.03661185210379157
101,4,delta_nll_to_final,state_history,ordered_history,sample_mismatched_history,r2,0.027641152903135402
101,4,delta_nll_to_final,state_history,ordered_history,sample_mismatched_history,mae,0.000768630964240298
101,4,delta_nll_to_final,state_history,ordered_history,sample_mismatched_history,spearman,0.00840273797774535
101,4,delta_nll_to_final,attention_history,ordered_attention_history,current_plus_current_attention,r2,-0.0013713741994252349
101,4,delta_nll_to_final,attention_history,ordered_attention_history,current_plus_current_attention,mae,5.387254126339169e-05
101,4,delta_nll_to_final,attention_history,ordered_attention_history,current_plus_current_attention,spearman,0.008809020650647377
101,4,delta_nll_to_final,attention_history,ordered_attention_history,shuffled_attention_history,r2,0.0023277274217465838
101,4,delta_nll_to_final,attention_history,ordered_attention_history,shuffled_attention_history,mae,8.609017965041654e-05
101,4,delta_nll_to_final,attention_history,ordered_attention_history,shuffled_attention_history,spearman,-0.001415663629555447
101,4,delta_nll_to_final,attention_history,ordered_attention_history,attention_dimension_matched,r2,-0.0013662317148339653
101,4,delta_nll_to_final,attention_history,ordered_attention_history,attention_dimension_matched,mae,5.372492049004335e-05
101,4,delta_nll_to_final,attention_history,ordered_attention_history,attention_dimension_matched,spearman,0.008857509297185845
101,4,delta_nll_to_final,attention_history,ordered_attention_history,sample_mismatched_attention_history,r2,0.005674310770031665
101,4,delta_nll_to_final,attention_history,ordered_attention_history,sample_mismatched_attention_history,mae,0.00021789972687508152
101,4,delta_nll_to_final,attention_history,ordered_attention_history,sample_mismatched_attention_history,spearman,0.008540175882065355
101,4,future_correction,state_history,ordered_history,current,roc_auc,0.01708798350589391
101,4,future_correction,state_history,ordered_history,current,log_loss,0.0065011124930510755
101,4,future_correction,state_history,ordered_history,shuffled_history,roc_auc,0.049078929675944516
101,4,future_correction,state_history,ordered_history,shuffled_history,log_loss,0.028510587637297857
101,4,future_correction,state_history,ordered_history,dimension_matched,roc_auc,0.0046165568553625524
101,4,future_correction,state_history,ordered_history,dimension_matched,log_loss,0.0007753967050352362
101,4,future_correction,state_history,ordered_history,sample_mismatched_history,roc_auc,0.046445699430774035
101,4,future_correction,state_history,ordered_history,sample_mismatched_history,log_loss,0.0167062188074866
101,4,future_correction,attention_history,ordered_attention_history,current_plus_current_attention,roc_auc,0.0039442427502128785
101,4,future_correction,attention_history,ordered_attention_history,current_plus_current_attention,log_loss,0.0029696405982322094
101,4,future_correction,attention_history,ordered_attention_history,shuffled_attention_history,roc_auc,0.004941508672852035
101,4,future_correction,attention_history,ordered_attention_history,shuffled_attention_history,log_loss,0.0021082216686233446
101,4,future_correction,attention_history,ordered_attention_history,attention_dimension_matched,roc_auc,0.0040899108063287
101,4,future_correction,attention_history,ordered_attention_history,attention_dimension_matched,log_loss,0.0030407998625797406
101,4,future_correction,attention_history,ordered_attention_history,sample_mismatched_attention_history,roc_auc,0.013199766931110135
101,4,future_correction,attention_history,ordered_attention_history,sample_mismatched_attention_history,log_loss,0.005021445692267701
101,4,future_flip,state_history,ordered_history,current,roc_auc,0.01768383725270617
101,4,future_flip,state_history,ordered_history,current,log_loss,0.01833408879382023
101,4,future_flip,state_history,ordered_history,shuffled_history,roc_auc,0.019042786487495245
101,4,future_flip,state_history,ordered_history,shuffled_history,log_loss,0.020411298762839203
101,4,future_flip,state_history,ordered_history,dimension_matched,roc_auc,0.007086366181410897
101,4,future_flip,state_history,ordered_history,dimension_matched,log_loss,0.007357216252507903
101,4,future_flip,state_history,ordered_history,sample_mismatched_history,roc_auc,0.04162583986562152
101,4,future_flip,state_history,ordered_history,sample_mismatched_history,log_loss,0.03633543002991535
101,4,future_flip,attention_history,ordered_attention_history,current_plus_current_attention,roc_auc,-0.003009518477043782
101,4,future_flip,attention_history,ordered_attention_history,current_plus_current_attention,log_loss,-0.0007876214300704676
101,4,future_flip,attention_history,ordered_attention_history,shuffled_attention_history,roc_auc,-0.00413517170586053
101,4,future_flip,attention_history,ordered_attention_history,shuffled_attention_history,log_loss,-0.002236911749415038
101,4,future_flip,attention_history,ordered_attention_history,attention_dimension_matched,roc_auc,-0.0025487588652483018
101,4,future_flip,attention_history,ordered_attention_history,attention_dimension_matched,log_loss,-0.0005134690511594264
101,4,future_flip,attention_history,ordered_attention_history,sample_mismatched_attention_history,roc_auc,0.003907708100037155
101,4,future_flip,attention_history,ordered_attention_history,sample_mismatched_attention_history,log_loss,0.004269697032721703
101,5,delta_nll_to_final,state_history,ordered_history,current,r2,0.020056178065468444
101,5,delta_nll_to_final,state_history,ordered_history,current,mae,0.00015218924671430226
101,5,delta_nll_to_final,state_history,ordered_history,current,spearman,0.05288739189904291
101,5,delta_nll_to_final,state_history,ordered_history,shuffled_history,r2,0.32695051313582013
101,5,delta_nll_to_final,state_history,ordered_history,shuffled_history,mae,0.0026902073695659993
101,5,delta_nll_to_final,state_history,ordered_history,shuffled_history,spearman,0.13621370046307402
101,5,delta_nll_to_final,state_history,ordered_history,dimension_matched,r2,0.02337184132834702
101,5,delta_nll_to_final,state_history,ordered_history,dimension_matched,mae,0.00019674566608251023
101,5,delta_nll_to_final,state_history,ordered_history,dimension_matched,spearman,0.05504926798966552
101,5,delta_nll_to_final,state_history,ordered_history,sample_mismatched_history,r2,0.08951797774034609
101,5,delta_nll_to_final,state_history,ordered_history,sample_mismatched_history,mae,0.001367357204246883
101,5,delta_nll_to_final,state_history,ordered_history,sample_mismatched_history,spearman,0.11290241456751376
101,5,delta_nll_to_final,attention_history,ordered_attention_history,current_plus_current_attention,r2,-0.007569117945761761
101,5,delta_nll_to_final,attention_history,ordered_attention_history,current_plus_current_attention,mae,-6.542277367945631e-05
101,5,delta_nll_to_final,attention_history,ordered_attention_history,current_plus_current_attention,spearman,0.027665416437021757
101,5,delta_nll_to_final,attention_history,ordered_attention_history,shuffled_attention_history,r2,0.0005272913732945472
101,5,delta_nll_to_final,attention_history,ordered_attention_history,shuffled_attention_history,mae,4.7380037554917154e-05
101,5,delta_nll_to_final,attention_history,ordered_attention_history,shuffled_attention_history,spearman,0.026240992349848856
101,5,delta_nll_to_final,attention_history,ordered_attention_history,attention_dimension_matched,r2,-0.00753285331742326
101,5,delta_nll_to_final,attention_history,ordered_attention_history,attention_dimension_matched,mae,-6.533675755234641e-05
101,5,delta_nll_to_final,attention_history,ordered_attention_history,attention_dimension_matched,spearman,0.027563724175246697
101,5,delta_nll_to_final,attention_history,ordered_attention_history,sample_mismatched_attention_history,r2,0.0074366552771782946
101,5,delta_nll_to_final,attention_history,ordered_attention_history,sample_mismatched_attention_history,mae,0.00015770430654958936
101,5,delta_nll_to_final,attention_history,ordered_attention_history,sample_mismatched_attention_history,spearman,0.03639128426592058
101,5,future_correction,state_history,ordered_history,current,roc_auc,-0.001805970991590855
101,5,future_correction,state_history,ordered_history,current,log_loss,-0.003267565935292732
101,5,future_correction,state_history,ordered_history,shuffled_history,roc_auc,0.06483153676844067
101,5,future_correction,state_history,ordered_history,shuffled_history,log_loss,0.024701024061185156
101,5,future_correction,state_history,ordered_history,dimension_matched,roc_auc,-0.014377222190868566
101,5,future_correction,state_history,ordered_history,dimension_matched,log_loss,-0.007752663675193311
101,5,future_correction,state_history,ordered_history,sample_mismatched_history,roc_auc,0.041537332806591776
101,5,future_correction,state_history,ordered_history,sample_mismatched_history,log_loss,0.013390255873199558
101,5,future_correction,attention_history,ordered_attention_history,current_plus_current_attention,roc_auc,-0.011033354026750986
101,5,future_correction,attention_history,ordered_attention_history,current_plus_current_attention,log_loss,-0.0036640264238864684
101,5,future_correction,attention_history,ordered_attention_history,shuffled_attention_history,roc_auc,0.01350245499181657
101,5,future_correction,attention_history,ordered_attention_history,shuffled_attention_history,log_loss,0.00291088516152882
101,5,future_correction,attention_history,ordered_attention_history,attention_dimension_matched,roc_auc,-0.01025735086630164
101,5,future_correction,attention_history,ordered_attention_history,attention_dimension_matched,log_loss,-0.0033400376053974445
101,5,future_correction,attention_history,ordered_attention_history,sample_mismatched_attention_history,roc_auc,-0.011019244878379242
101,5,future_correction,attention_history,ordered_attention_history,sample_mismatched_attention_history,log_loss,-0.0030372654673482824
101,5,future_flip,state_history,ordered_history,current,roc_auc,0.010838766471348515
101,5,future_flip,state_history,ordered_history,current,log_loss,0.007047137394459835
101,5,future_flip,state_history,ordered_history,shuffled_history,roc_auc,0.027894693405958404
101,5,future_flip,state_history,ordered_history,shuffled_history,log_loss,0.020920122636549465
101,5,future_flip,state_history,ordered_history,dimension_matched,roc_auc,0.007516987153035504
101,5,future_flip,state_history,ordered_history,dimension_matched,log_loss,-0.00036077410414955824
101,5,future_flip,state_history,ordered_history,sample_mismatched_history,roc_auc,0.032213694258754866
101,5,future_flip,state_history,ordered_history,sample_mismatched_history,log_loss,0.021867823460332808
101,5,future_flip,attention_history,ordered_attention_history,current_plus_current_attention,roc_auc,-0.0026890594481581154
101,5,future_flip,attention_history,ordered_attention_history,current_plus_current_attention,log_loss,-0.0011268967203084956
101,5,future_flip,attention_history,ordered_attention_history,shuffled_attention_history,roc_auc,0.010096008362906028
101,5,future_flip,attention_history,ordered_attention_history,shuffled_attention_history,log_loss,0.005775172759868746
101,5,future_flip,attention_history,ordered_attention_history,attention_dimension_matched,roc_auc,-0.0024208412423317727
101,5,future_flip,attention_history,ordered_attention_history,attention_dimension_matched,log_loss,-0.001035074518167367
101,5,future_flip,attention_history,ordered_attention_history,sample_mismatched_attention_history,roc_auc,0.008658633875271549
101,5,future_flip,attention_history,ordered_attention_history,sample_mismatched_attention_history,log_loss,0.006130921807059014
