seed,layer,task,task_kind,condition,feature_family,status,input_dimension,positive_rate,roc_auc,pr_auc,log_loss,brier,ece_10,accuracy,r2,mae,spearman
101,1,future_flip,binary,current,state_history,ok,36,0.343125,0.7409323968916492,0.5781179252524612,0.5591074821729689,0.18983241734257367,0.0350035787513621,0.70859375,,,
101,1,future_flip,binary,ordered_history,state_history,ok,72,0.343125,0.7404692320401735,0.5779035534863642,0.5591439222119087,0.18984710878786912,0.03490268998061124,0.70859375,,,
101,1,future_flip,binary,shuffled_history,state_history,ok,72,0.343125,0.7404692320401735,0.5779035534863642,0.5591439222119087,0.18984710878786912,0.03490268998061124,0.70859375,,,
101,1,future_flip,binary,dimension_matched,state_history,ok,72,0.343125,0.7468804086684958,0.5871820284348909,0.5533191467716241,0.18767867357831514,0.016778991343800648,0.71875,,,
101,1,future_flip,binary,sample_mismatched_history,state_history,ok,72,0.343125,0.7404692320401735,0.5779035534863642,0.5591439222119087,0.18984710878786912,0.03490268998061124,0.70859375,,,
101,1,future_flip,binary,current_plus_current_attention,attention_history,ok,42,0.343125,0.7455599825568325,0.5852233773517517,0.5563688105817631,0.18892813548187215,0.04770732569768379,0.728125,,,
101,1,future_flip,binary,ordered_attention_history,attention_history,ok,42,0.343125,0.7453812171755612,0.5852822119990162,0.5563946698188464,0.1889365060331373,0.04452604988646258,0.725,,,
101,1,future_flip,binary,shuffled_attention_history,attention_history,ok,42,0.343125,0.7453812171755612,0.5852822119990162,0.5563946698188464,0.1889365060331373,0.04452604988646258,0.725,,,
101,1,future_flip,binary,attention_dimension_matched,attention_history,ok,42,0.343125,0.7453812171755612,0.5852822119990162,0.5563946698188464,0.1889365060331373,0.04452604988646258,0.725,,,
101,1,future_flip,binary,sample_mismatched_attention_history,attention_history,ok,42,0.343125,0.7453812171755612,0.5852822119990162,0.5563946698188464,0.1889365060331373,0.04452604988646258,0.725,,,
101,1,future_flip,binary,residual_history,state_history,ok,72,0.343125,0.7404692320401735,0.5779035534863642,0.5591439222119087,0.18984710878786912,0.03490268998061124,0.70859375,,,
101,1,future_correction,binary,current,state_history,ok,36,0.1778125,0.6801366438926847,0.29245920182475893,0.43508344836672014,0.13551268062920033,0.024508162860173925,0.828125,,,
101,1,future_correction,binary,ordered_history,state_history,ok,72,0.1778125,0.679993505355945,0.2924527816328842,0.43511387227982556,0.13551772599988438,0.022921596408410176,0.828125,,,
101,1,future_correction,binary,shuffled_history,state_history,ok,72,0.1778125,0.679993505355945,0.2924527816328842,0.43511387227982556,0.13551772599988438,0.022921596408410176,0.828125,,,
101,1,future_correction,binary,dimension_matched,state_history,ok,72,0.1778125,0.6853601322856447,0.3022001257584128,0.4333551110377771,0.13503174439715018,0.019773902876789182,0.825,,,
101,1,future_correction,binary,sample_mismatched_history,state_history,ok,72,0.1778125,0.679993505355945,0.2924527816328842,0.43511387227982556,0.13551772599988438,0.022921596408410176,0.828125,,,
101,1,future_correction,binary,current_plus_current_attention,attention_history,ok,42,0.1778125,0.6851892205999854,0.29020030483888065,0.43347685414952153,0.13522351703010888,0.011333620753761127,0.82265625,,,
101,1,future_correction,binary,ordered_attention_history,attention_history,ok,42,0.1778125,0.6860202786715035,0.29111939344011595,0.43348668355850234,0.1352237894671801,0.009664710156059594,0.82265625,,,
101,1,future_correction,binary,shuffled_attention_history,attention_history,ok,42,0.1778125,0.6860202786715035,0.29111939344011595,0.43348668355850234,0.1352237894671801,0.009664710156059594,0.82265625,,,
101,1,future_correction,binary,attention_dimension_matched,attention_history,ok,42,0.1778125,0.6860202786715035,0.29111939344011595,0.43348668355850234,0.1352237894671801,0.009664710156059594,0.82265625,,,
101,1,future_correction,binary,sample_mismatched_attention_history,attention_history,ok,42,0.1778125,0.6860202786715035,0.29111939344011595,0.43348668355850234,0.1352237894671801,0.009664710156059594,0.82265625,,,
101,1,future_correction,binary,residual_history,state_history,ok,72,0.1778125,0.679993505355945,0.2924527816328842,0.43511387227982556,0.13551772599988438,0.022921596408410176,0.828125,,,
101,1,delta_nll_to_final,regression,current,state_history,ok,36,,,,,,,,-0.010545015335083008,0.07784314453601837,0.04039126980788843
101,1,delta_nll_to_final,regression,ordered_history,state_history,ok,72,,,,,,,,-0.010544842726219361,0.07784305433258973,0.04039007634206911
101,1,delta_nll_to_final,regression,shuffled_history,state_history,ok,72,,,,,,,,-0.010544842726219361,0.07784305433258973,0.04039007634206911
101,1,delta_nll_to_final,regression,dimension_matched,state_history,ok,72,,,,,,,,-0.011260819218793738,0.07784453301257001,0.03933508569863923
101,1,delta_nll_to_final,regression,sample_mismatched_history,state_history,ok,72,,,,,,,,-0.010544842726219361,0.07784305433258973,0.04039007634206911
101,1,delta_nll_to_final,regression,current_plus_current_attention,attention_history,ok,42,,,,,,,,-0.01202404499053955,0.07790499925613403,0.04807373487614934
101,1,delta_nll_to_final,regression,ordered_attention_history,attention_history,ok,42,,,,,,,,-0.012023386156893467,0.07790491096013488,0.048113107754148926
101,1,delta_nll_to_final,regression,shuffled_attention_history,attention_history,ok,42,,,,,,,,-0.012023386156893467,0.07790491096013488,0.048113107754148926
101,1,delta_nll_to_final,regression,attention_dimension_matched,attention_history,ok,42,,,,,,,,-0.012023386156893467,0.07790491096013488,0.048113107754148926
101,1,delta_nll_to_final,regression,sample_mismatched_attention_history,attention_history,ok,42,,,,,,,,-0.012023386156893467,0.07790491096013488,0.048113107754148926
101,1,delta_nll_to_final,regression,residual_history,state_history,ok,72,,,,,,,,-0.010544842726219361,0.07784305433258973,0.04039007634206911
101,2,future_flip,binary,current,state_history,ok,36,0.4440625,0.8006161971830985,0.7268172722145855,0.5455918896360827,0.1823712546696397,0.05195584920935838,0.72734375,,,
101,2,future_flip,binary,ordered_history,state_history,ok,108,0.4440625,0.8191589848077228,0.7958061646578162,0.515391559276562,0.17350946735872116,0.04919073846542805,0.73046875,,,
101,2,future_flip,binary,shuffled_history,state_history,ok,108,0.4440625,0.8153831698053489,0.7881818777787182,0.522717281496573,0.1757845046694278,0.058912142067197665,0.73125,,,
101,2,future_flip,binary,dimension_matched,state_history,ok,108,0.4440625,0.7995529355910745,0.7283841968504496,0.5465901693107893,0.1829036136224839,0.06579287361989763,0.721875,,,
101,2,future_flip,binary,sample_mismatched_history,state_history,ok,108,0.4440625,0.7955150142427599,0.7210553682269534,0.5499627833093692,0.18442502836760616,0.03317234408538067,0.72109375,,,
101,2,future_flip,binary,current_plus_current_attention,attention_history,ok,42,0.4440625,0.8039716529514164,0.7525081122689858,0.5399758321654413,0.17991619982605428,0.05152834667284628,0.734375,,,
101,2,future_flip,binary,ordered_attention_history,attention_history,ok,48,0.4440625,0.8067756963127077,0.7497758197621796,0.5369958096418658,0.1788747743993237,0.0441397131982567,0.7359375,,,
101,2,future_flip,binary,shuffled_attention_history,attention_history,ok,48,0.4440625,0.8067756963127077,0.7497758197621796,0.5369958096418658,0.1788747743993237,0.0441397131982567,0.7359375,,,
101,2,future_flip,binary,attention_dimension_matched,attention_history,ok,48,0.4440625,0.8039543440417788,0.7524887610840877,0.5399919757053238,0.17992457698960798,0.04969307809704315,0.73359375,,,
101,2,future_flip,binary,sample_mismatched_attention_history,attention_history,ok,48,0.4440625,0.8031086801709131,0.7520641196878195,0.5413116159000971,0.180393138210899,0.054147233402696164,0.73515625,,,
101,2,future_flip,binary,residual_history,state_history,ok,108,0.4440625,0.8333869085298307,0.8112174656534746,0.49410211952736366,0.16586865878712642,0.03831052284322783,0.74453125,,,
101,2,future_correction,binary,current,state_history,ok,36,0.2334375,0.7105787189628653,0.3838317912690995,0.49300742669991776,0.16150846259657015,0.01729526824826992,0.76484375,,,
101,2,future_correction,binary,ordered_history,state_history,ok,108,0.2334375,0.7209782190727313,0.41261792128283836,0.4856636642125004,0.15972560538905975,0.034861173119187204,0.7625,,,
101,2,future_correction,binary,shuffled_history,state_history,ok,108,0.2334375,0.718846132718084,0.4073689710689884,0.4877064930991798,0.16025690116897687,0.03131371098835016,0.76171875,,,
101,2,future_correction,binary,dimension_matched,state_history,ok,108,0.2334375,0.7089513293781586,0.3841878677130005,0.4940143648669418,0.16190713415073146,0.024517837465806103,0.76171875,,,
101,2,future_correction,binary,sample_mismatched_history,state_history,ok,108,0.2334375,0.7004985168094925,0.3695689463535789,0.4986385966978606,0.16385977120095768,0.0304790971078413,0.7640625,,,
101,2,future_correction,binary,current_plus_current_attention,attention_history,ok,42,0.2334375,0.7184684684684683,0.3990010615693419,0.48842000328784935,0.16003884959333287,0.01840830305562985,0.765625,,,
101,2,future_correction,binary,ordered_attention_history,attention_history,ok,48,0.2334375,0.7201095912986157,0.3976208839616665,0.4872676194765358,0.15977227302365335,0.021026049306133898,0.7671875,,,
101,2,future_correction,binary,shuffled_attention_history,attention_history,ok,48,0.2334375,0.7201095912986157,0.3976208839616665,0.4872676194765358,0.15977227302365335,0.021026049306133898,0.7671875,,,
101,2,future_correction,binary,attention_dimension_matched,attention_history,ok,48,0.2334375,0.7189319655020875,0.3958797804394937,0.48826454355566645,0.15999074264372712,0.019555821717560533,0.765625,,,
101,2,future_correction,binary,sample_mismatched_attention_history,attention_history,ok,48,0.2334375,0.7198349263898043,0.4029965580005336,0.4873280449079024,0.15958867808366534,0.022842782009706807,0.765625,,,
101,2,future_correction,binary,residual_history,state_history,ok,108,0.2334375,0.719676994067238,0.4192186621714306,0.49133035198987046,0.1607467078919265,0.039357519915228144,0.77265625,,,
101,2,delta_nll_to_final,regression,current,state_history,ok,36,,,,,,,,-0.031032681465148926,0.08219282329082489,0.06110871802289918
101,2,delta_nll_to_final,regression,ordered_history,state_history,ok,108,,,,,,,,-0.03608417630116523,0.08186459387346144,0.055673749571990706
101,2,delta_nll_to_final,regression,shuffled_history,state_history,ok,108,,,,,,,,-0.046679954719606176,0.08223939843384323,0.09276529824236952
101,2,delta_nll_to_final,regression,dimension_matched,state_history,ok,108,,,,,,,,-0.03240852702005248,0.0822716657008697,0.05947150236297751
101,2,delta_nll_to_final,regression,sample_mismatched_history,state_history,ok,108,,,,,,,,-0.044837413573395324,0.083321642914627,0.05051549942962611
101,2,delta_nll_to_final,regression,current_plus_current_attention,attention_history,ok,42,,,,,,,,-0.031033039093017578,0.08205261081457138,0.06544098461363806
101,2,delta_nll_to_final,regression,ordered_attention_history,attention_history,ok,48,,,,,,,,-0.03134535142760364,0.08206327592535756,0.07002213746468351
101,2,delta_nll_to_final,regression,shuffled_attention_history,attention_history,ok,48,,,,,,,,-0.03134535142760364,0.08206327592535756,0.07002213746468351
101,2,delta_nll_to_final,regression,attention_dimension_matched,attention_history,ok,48,,,,,,,,-0.031035952775341658,0.08205266325253803,0.06545810498541564
101,2,delta_nll_to_final,regression,sample_mismatched_attention_history,attention_history,ok,48,,,,,,,,-0.0345206375837559,0.082098289007678,0.06633926625931778
101,2,delta_nll_to_final,regression,residual_history,state_history,ok,108,,,,,,,,-0.0440847922031542,0.08256921456935293,0.046019044353664766
101,3,future_flip,binary,current,state_history,ok,36,0.15625,0.8794583333333332,0.5213195222657631,0.3031674989666879,0.0965409199337898,0.03585545774605511,0.85546875,,,
101,3,future_flip,binary,ordered_history,state_history,ok,144,0.15625,0.9093935185185185,0.6164905764312621,0.27146977223668955,0.08563034272454731,0.04461770755832687,0.87265625,,,
101,3,future_flip,binary,shuffled_history,state_history,ok,144,0.15625,0.8823287037037036,0.5534115053785881,0.2969966021945627,0.09283944637394448,0.032536362215792515,0.86796875,,,
101,3,future_flip,binary,dimension_matched,state_history,ok,144,0.15625,0.8828425925925926,0.5386655271385558,0.2991860683556218,0.0945986487787257,0.03553559819431122,0.859375,,,
101,3,future_flip,binary,sample_mismatched_history,state_history,ok,144,0.15625,0.8673194444444444,0.5095251172960482,0.30851238415390964,0.09782488730911233,0.02198432739498304,0.8625,,,
101,3,future_flip,binary,current_plus_current_attention,attention_history,ok,42,0.15625,0.8740324074074074,0.517812124574837,0.30430548888927456,0.0969402718697836,0.03196947804456422,0.85078125,,,
101,3,future_flip,binary,ordered_attention_history,attention_history,ok,54,0.15625,0.8751666666666668,0.5361379800528898,0.3025886416803619,0.09561145600368738,0.02135735999006986,0.86015625,,,
101,3,future_flip,binary,shuffled_attention_history,attention_history,ok,54,0.15625,0.8706296296296296,0.515656096989953,0.306716847915631,0.09765661680647006,0.03339314948874022,0.85390625,,,
101,3,future_flip,binary,attention_dimension_matched,attention_history,ok,54,0.15625,0.872986111111111,0.5163773769393164,0.3048765680594735,0.09712624042441367,0.027752231169198407,0.85234375,,,
101,3,future_flip,binary,sample_mismatched_attention_history,attention_history,ok,54,0.15625,0.8703287037037037,0.515192961017153,0.3059734415702493,0.09738452176098508,0.027077371940201843,0.8578125,,,
101,3,future_flip,binary,residual_history,state_history,ok,144,0.15625,0.9095462962962964,0.6455940648276381,0.26169246943061014,0.08115930636005608,0.024702776665355607,0.88671875,,,
101,3,future_correction,binary,current,state_history,ok,36,0.0759375,0.8228726773648649,0.22922600815283126,0.21871455829352832,0.06285533440840788,0.02171693777713274,0.92265625,,,
101,3,future_correction,binary,ordered_history,state_history,ok,144,0.0759375,0.859348606418919,0.2821426825977515,0.20696024298380822,0.06097592206342882,0.034318647794393094,0.92421875,,,
101,3,future_correction,binary,shuffled_history,state_history,ok,144,0.0759375,0.8128959037162162,0.22751320242414397,0.22396112199502846,0.06473529463083053,0.018603847856139718,0.91796875,,,
101,3,future_correction,binary,dimension_matched,state_history,ok,144,0.0759375,0.8266645551801801,0.24582791464260417,0.21758260321402328,0.0625407865362351,0.02600872679060146,0.925,,,
101,3,future_correction,binary,sample_mismatched_history,state_history,ok,144,0.0759375,0.8080306869369369,0.21360957053797303,0.22456386522379762,0.06443084314108535,0.01451999873969491,0.92265625,,,
101,3,future_correction,binary,current_plus_current_attention,attention_history,ok,42,0.0759375,0.8001566019144143,0.22180426208961018,0.2248537636875978,0.06390762270352321,0.012402270729088146,0.92421875,,,
101,3,future_correction,binary,ordered_attention_history,attention_history,ok,54,0.0759375,0.8035173845720721,0.2450023822731491,0.22362780030119236,0.06314946594924327,0.013909000350064446,0.925,,,
101,3,future_correction,binary,shuffled_attention_history,attention_history,ok,54,0.0759375,0.7974996480855856,0.23624877811560357,0.22515199677267428,0.06356173920371255,0.015439975940043087,0.92421875,,,
101,3,future_correction,binary,attention_dimension_matched,attention_history,ok,54,0.0759375,0.7992592201576576,0.22107097056381717,0.22513318450935277,0.06397163311825721,0.013424385422535087,0.925,,,
101,3,future_correction,binary,sample_mismatched_attention_history,attention_history,ok,54,0.0759375,0.8001829954954955,0.21136721214818108,0.2264251095647248,0.06465542630857338,0.014745934131787911,0.92109375,,,
101,3,future_correction,binary,residual_history,state_history,ok,144,0.0759375,0.8660085867117117,0.2905221728207899,0.20453645600333462,0.06146980483751709,0.018763756890970953,0.91953125,,,
101,3,delta_nll_to_final,regression,current,state_history,ok,36,,,,,,,,-0.11913871765136719,0.048688482493162155,0.011047263212440926
101,3,delta_nll_to_final,regression,ordered_history,state_history,ok,144,,,,,,,,-0.16398018789699775,0.04849577257982177,0.02256418079478808
101,3,delta_nll_to_final,regression,shuffled_history,state_history,ok,144,,,,,,,,-0.18881952014744896,0.04964874445354227,-0.0030651530854205844
101,3,delta_nll_to_final,regression,dimension_matched,state_history,ok,144,,,,,,,,-0.12173592199698735,0.048709870475134434,0.01068238528893145
101,3,delta_nll_to_final,regression,sample_mismatched_history,state_history,ok,144,,,,,,,,-0.14446276818481252,0.049534439443292284,0.0028905275821091195
101,3,delta_nll_to_final,regression,current_plus_current_attention,attention_history,ok,42,,,,,,,,-0.13326811790466309,0.04893413186073303,-0.0048507243199000976
101,3,delta_nll_to_final,regression,ordered_attention_history,attention_history,ok,54,,,,,,,,-0.13814998456969807,0.04889403553341398,0.0022470430737567587
101,3,delta_nll_to_final,regression,shuffled_attention_history,attention_history,ok,54,,,,,,,,-0.15114605683654925,0.04915991847421849,-0.01794618938976403
101,3,delta_nll_to_final,regression,attention_dimension_matched,attention_history,ok,54,,,,,,,,-0.1333092574825947,0.04893452730585454,-0.004832316487009575
101,3,delta_nll_to_final,regression,sample_mismatched_attention_history,attention_history,ok,54,,,,,,,,-0.13783696819259217,0.04901364792762146,-0.005356204441042749
101,3,delta_nll_to_final,regression,residual_history,state_history,ok,144,,,,,,,,-0.24477229495928765,0.049186132230672655,0.004639889688043022
101,4,future_flip,binary,current,state_history,ok,36,0.1184375,0.9065766144083613,0.5186818128727638,0.23208649054417965,0.07351492304346571,0.024090858359758806,0.8875,,,
101,4,future_flip,binary,ordered_history,state_history,ok,180,0.1184375,0.9242604516610675,0.5884063764743153,0.21375240175035942,0.06648134994097381,0.020464428292397228,0.90859375,,,
101,4,future_flip,binary,shuffled_history,state_history,ok,180,0.1184375,0.9052176651735723,0.5099049083891691,0.23416370051319862,0.07411971906770469,0.01924521273670665,0.890625,,,
101,4,future_flip,binary,dimension_matched,state_history,ok,180,0.1184375,0.9171740854796566,0.5465172410102729,0.22110961800286733,0.06992473048970584,0.01932152920293772,0.89609375,,,
101,4,future_flip,binary,sample_mismatched_history,state_history,ok,180,0.1184375,0.882634611795446,0.4950912164451923,0.25008783178027477,0.07763756993053969,0.015905085644133496,0.884375,,,
101,4,future_flip,binary,current_plus_current_attention,attention_history,ok,42,0.1184375,0.9050310283687943,0.5123248826037132,0.23261524117729176,0.0734822772990259,0.021058900586525223,0.88984375,,,
101,4,future_flip,binary,ordered_attention_history,attention_history,ok,60,0.1184375,0.9020215098917506,0.5385626856728756,0.23340286260736223,0.07211785697878768,0.016863723683751927,0.89296875,,,
101,4,future_flip,binary,shuffled_attention_history,attention_history,ok,60,0.1184375,0.9061566815976111,0.5335957145530087,0.2311659508579472,0.07197408273305064,0.016632046504578484,0.89375,,,
101,4,future_flip,binary,attention_dimension_matched,attention_history,ok,60,0.1184375,0.9045702687569989,0.5114596203575124,0.2328893935562028,0.07355526081535871,0.02156689961904892,0.890625,,,
101,4,future_flip,binary,sample_mismatched_attention_history,attention_history,ok,60,0.1184375,0.8981138017917134,0.5038883618695431,0.23767255964008394,0.07542166364205383,0.015864553740467732,0.8859375,,,
101,4,future_flip,binary,residual_history,state_history,ok,180,0.1184375,0.9157976390444197,0.5634998116201011,0.22864051222501836,0.0685425059073396,0.0207728064536304,0.90546875,,,
101,4,future_correction,binary,current,state_history,ok,36,0.05875,0.8791627448343866,0.24711853236333453,0.1639487723673066,0.04773595804538479,0.013080250434066151,0.9421875,,,
101,4,future_correction,binary,ordered_history,state_history,ok,180,0.05875,0.8962507283402805,0.2890062184105123,0.15744765987425552,0.04671777739650544,0.010299389984577658,0.9390625,,,
101,4,future_correction,binary,shuffled_history,state_history,ok,180,0.05875,0.847171798664336,0.2305706210074217,0.18595824751155338,0.05187351548309781,0.023278862880711196,0.9390625,,,
101,4,future_correction,binary,dimension_matched,state_history,ok,180,0.05875,0.891634171484918,0.2700126901019539,0.15822305657929076,0.04700410551470872,0.01787519090917125,0.94140625,,,
101,4,future_correction,binary,sample_mismatched_history,state_history,ok,180,0.05875,0.8498050289095065,0.23856656543886584,0.17415387868174212,0.049503905923603375,0.015462228026272184,0.94140625,,,
101,4,future_correction,binary,current_plus_current_attention,attention_history,ok,42,0.05875,0.8778629375644301,0.245866404299494,0.16414975450120886,0.04776323843081272,0.014454639265111828,0.94296875,,,
101,4,future_correction,binary,ordered_attention_history,attention_history,ok,60,0.05875,0.881807180314643,0.29205869916635735,0.16118011390297665,0.046699463528999105,0.013037943147814137,0.94296875,,,
101,4,future_correction,binary,shuffled_attention_history,attention_history,ok,60,0.05875,0.876865671641791,0.2593337717760462,0.1632883355716,0.047555100048132556,0.017338517454171094,0.94296875,,,
101,4,future_correction,binary,attention_dimension_matched,attention_history,ok,60,0.05875,0.8777172695083143,0.2458716919821656,0.1642209137655564,0.047771200573173175,0.014656970725927221,0.94296875,,,
101,4,future_correction,binary,sample_mismatched_attention_history,attention_history,ok,60,0.05875,0.8686074133835329,0.25318906435818744,0.16620155959524435,0.047917489154277945,0.005530859167859936,0.94296875,,,
101,4,future_correction,binary,residual_history,state_history,ok,180,0.05875,0.8765071041190444,0.283350880442179,0.16985980405268958,0.04880822621287606,0.017977857856633465,0.9390625,,,
101,4,delta_nll_to_final,regression,current,state_history,ok,36,,,,,,,,-0.004396915435791016,0.04057849571108818,0.060894913647408226
101,4,delta_nll_to_final,regression,ordered_history,state_history,ok,180,,,,,,,,0.016604871629382623,0.04000821302377207,0.09602805085940605
101,4,delta_nll_to_final,regression,shuffled_history,state_history,ok,180,,,,,,,,-0.19630081862734428,0.04212751972573034,0.05099747909392034
101,4,delta_nll_to_final,regression,dimension_matched,state_history,ok,180,,,,,,,,-0.005140793913981145,0.04058636798654706,0.05941619875561448
101,4,delta_nll_to_final,regression,sample_mismatched_history,state_history,ok,180,,,,,,,,-0.01103628127375278,0.040776843988012366,0.0876253128816607
101,4,delta_nll_to_final,regression,current_plus_current_attention,attention_history,ok,42,,,,,,,,-0.004698753356933594,0.04050840809941292,0.05869421345166836
101,4,delta_nll_to_final,regression,ordered_attention_history,attention_history,ok,60,,,,,,,,-0.006070127556358829,0.040454535558149526,0.06750323410231573
101,4,delta_nll_to_final,regression,shuffled_attention_history,attention_history,ok,60,,,,,,,,-0.008397854978105412,0.04054062573779994,0.06891889773187118
101,4,delta_nll_to_final,regression,attention_dimension_matched,attention_history,ok,60,,,,,,,,-0.004703895841524863,0.04050826047863957,0.05864572480512989
101,4,delta_nll_to_final,regression,sample_mismatched_attention_history,attention_history,ok,60,,,,,,,,-0.011744438326390494,0.04067243528502461,0.05896305822025038
101,4,delta_nll_to_final,regression,residual_history,state_history,ok,180,,,,,,,,0.03814056078114225,0.04001913595711369,0.08609771452192048
101,5,future_flip,binary,current,state_history,ok,36,0.098125,0.9387705977827296,0.5419686155173518,0.18480467260307112,0.05849900750292915,0.0262803674834326,0.9125,,,
101,5,future_flip,binary,ordered_history,state_history,ok,216,0.098125,0.9496093642540782,0.5889225093131122,0.1777575352086113,0.05440299556620165,0.03373441241815411,0.91484375,,,
101,5,future_flip,binary,shuffled_history,state_history,ok,216,0.098125,0.9217146708481198,0.5058290354015169,0.19867765784516075,0.06200039286945447,0.017584537746595023,0.91171875,,,
101,5,future_flip,binary,dimension_matched,state_history,ok,216,0.098125,0.9420923771010427,0.5494162104480756,0.17739676110446173,0.05700212281442557,0.024037801543841386,0.91640625,,,
101,5,future_flip,binary,sample_mismatched_history,state_history,ok,216,0.098125,0.9173956699953233,0.4939294639206026,0.1996253586689441,0.0634546197729248,0.018253923394816084,0.9109375,,,
101,5,future_flip,binary,current_plus_current_attention,attention_history,ok,42,0.098125,0.9381103683530025,0.5351790734679076,0.18529978159946792,0.058980097483124425,0.03173442701561437,0.9125,,,
101,5,future_flip,binary,ordered_attention_history,attention_history,ok,66,0.098125,0.9354213089048444,0.5219544702644233,0.1864266783197764,0.059925511995315615,0.028640561539451097,0.91015625,,,
101,5,future_flip,binary,shuffled_attention_history,attention_history,ok,66,0.098125,0.9253253005419384,0.5217026372763836,0.19220185107964516,0.061099110343845665,0.01742932573137533,0.91171875,,,
101,5,future_flip,binary,attention_dimension_matched,attention_history,ok,66,0.098125,0.9378421501471762,0.5340494238047312,0.18539160380160905,0.059048858976413585,0.033342606352231144,0.9125,,,
101,5,future_flip,binary,sample_mismatched_attention_history,attention_history,ok,66,0.098125,0.9267626750295729,0.5063813516797008,0.19255760012683543,0.06163835737551295,0.018549813217985676,0.91015625,,,
101,5,future_flip,binary,residual_history,state_history,ok,216,0.098125,0.9417141206569283,0.5730369459908107,0.20086718913021642,0.055480130209687915,0.020817642085238713,0.921875,,,
101,5,future_correction,binary,current,state_history,ok,36,0.046875,0.9055956882442575,0.22998682225244726,0.13290731056020894,0.03867788615443398,0.01497187844736879,0.9515625,,,
101,5,future_correction,binary,ordered_history,state_history,ok,216,0.046875,0.9037897172526667,0.22735750667078,0.13617487649550167,0.040461783424573086,0.012721886416315666,0.94921875,,,
101,5,future_correction,binary,shuffled_history,state_history,ok,216,0.046875,0.838958180484226,0.18686303961077325,0.16087590055668682,0.0435721470822719,0.02250272633150665,0.946875,,,
101,5,future_correction,binary,dimension_matched,state_history,ok,216,0.046875,0.9181669394435352,0.24373594407772686,0.12842221282030836,0.039001315883816154,0.012818286212243941,0.94609375,,,
101,5,future_correction,binary,sample_mismatched_history,state_history,ok,216,0.046875,0.8622523844460749,0.1741981780163977,0.14956513236870123,0.04286383247762797,0.01982665709214038,0.95078125,,,
101,5,future_correction,binary,current_plus_current_attention,attention_history,ok,42,0.046875,0.9020966194480501,0.22249053708851255,0.13327793656308828,0.038814534904275805,0.00988792070585201,0.94921875,,,
101,5,future_correction,binary,ordered_attention_history,attention_history,ok,66,0.046875,0.8910632654212991,0.22644785450107435,0.13694196298697475,0.039621389797810304,0.0107576664045783,0.95234375,,,
101,5,future_correction,binary,shuffled_attention_history,attention_history,ok,66,0.046875,0.8775608104294825,0.2062552958618441,0.13985284814850357,0.03949196880029588,0.007336770668975291,0.9515625,,,
101,5,future_correction,binary,attention_dimension_matched,attention_history,ok,66,0.046875,0.9013206162876007,0.22058367171282733,0.1336019253815773,0.03886365379324469,0.011019571260265162,0.94921875,,,
101,5,future_correction,binary,sample_mismatched_attention_history,attention_history,ok,66,0.046875,0.9020825102996783,0.22798243967480925,0.13390469751962647,0.039228244679868164,0.005516071726873029,0.9484375,,,
101,5,future_correction,binary,residual_history,state_history,ok,216,0.046875,0.8721852248998251,0.1993664576156389,0.17971083558177536,0.04518019980871361,0.03413286087356832,0.9453125,,,
101,5,delta_nll_to_final,regression,current,state_history,ok,36,,,,,,,,-0.02740764617919922,0.015763571485877037,0.024386624915542547
101,5,delta_nll_to_final,regression,ordered_history,state_history,ok,216,,,,,,,,-0.007351468113730775,0.015611382239162735,0.07727401681458546
101,5,delta_nll_to_final,regression,shuffled_history,state_history,ok,216,,,,,,,,-0.3343019812495509,0.018301589608728734,-0.058939683648488554
101,5,delta_nll_to_final,regression,dimension_matched,state_history,ok,216,,,,,,,,-0.030723309442077795,0.015808127905245245,0.022224748824919933
101,5,delta_nll_to_final,regression,sample_mismatched_history,state_history,ok,216,,,,,,,,-0.09686944585407686,0.016978739443409618,-0.035628397752928316
101,5,delta_nll_to_final,regression,current_plus_current_attention,attention_history,ok,42,,,,,,,,-0.02600264549255371,0.01569708250463009,0.053316431162372536
101,5,delta_nll_to_final,regression,ordered_attention_history,attention_history,ok,66,,,,,,,,-0.03357176343831547,0.015762505278309545,0.0809818475993943
101,5,delta_nll_to_final,regression,shuffled_attention_history,attention_history,ok,66,,,,,,,,-0.03409905481161002,0.015809885315864462,0.05474085524954544
101,5,delta_nll_to_final,regression,attention_dimension_matched,attention_history,ok,66,,,,,,,,-0.02603891012089221,0.0156971685207572,0.0534181234241476
101,5,delta_nll_to_final,regression,sample_mismatched_attention_history,attention_history,ok,66,,,,,,,,-0.041008418715493766,0.015920209584859134,0.044590563333473714
101,5,delta_nll_to_final,regression,residual_history,state_history,ok,216,,,,,,,,-0.10838145687790846,0.016321349388230107,0.06183785016653452
