schedule_id,seed,step,mean_cls_update_norm,median_cls_update_norm,p90_cls_update_norm,mean_relative_cls_update_norm
constant,503,1,4.575226783752441,4.61094856262207,5.376216411590576,3.9611833095550537
constant,503,2,4.490908145904541,4.623358726501465,5.275875091552734,0.9579253196716309
constant,503,3,5.536970615386963,5.652484893798828,6.359001159667969,0.8807276487350464
constant,503,4,5.5821309089660645,5.6393022537231445,6.2721943855285645,0.5322920680046082
constant,503,5,5.479900360107422,5.574063301086426,6.096147537231445,0.3558272123336792
constant,503,6,5.308142185211182,5.38260555267334,6.114646911621094,0.2593071758747101
constant,607,1,4.678515434265137,4.583441734313965,5.663524627685547,2.829327344894409
constant,607,2,4.064271450042725,3.8953113555908203,5.561192989349365,0.7428582906723022
constant,607,3,3.849600076675415,3.7408008575439453,5.104783535003662,0.5501338243484497
constant,607,4,3.9565341472625732,3.8436388969421387,5.324385643005371,0.43263158202171326
constant,607,5,3.964205026626587,3.8148396015167236,5.483304977416992,0.34063953161239624
constant,607,6,3.8805415630340576,3.731079339981079,5.329981803894043,0.26908907294273376
constant,709,1,4.54303503036499,4.496763229370117,5.594585418701172,3.193168878555298
constant,709,2,3.526735544204712,3.3295063972473145,4.630444526672363,0.8133545517921448
constant,709,3,3.4964303970336914,3.267598867416382,4.732158184051514,0.569184422492981
constant,709,4,3.938356876373291,3.6759634017944336,5.7386932373046875,0.49029049277305603
constant,709,5,4.211397647857666,3.9040513038635254,6.329029560089111,0.398520827293396
constant,709,6,4.327381610870361,3.9832892417907715,6.611871719360352,0.31548792123794556
back_loaded,503,1,2.258591890335083,2.272709846496582,2.662677526473999,1.9554648399353027
back_loaded,503,2,2.876920700073242,2.991353988647461,3.523162364959717,1.1332714557647705
back_loaded,503,3,4.73261833190918,4.8941121101379395,5.458840847015381,1.2444469928741455
back_loaded,503,4,6.047214031219482,6.212004661560059,6.806478500366211,0.8168980479240417
back_loaded,503,5,6.9636406898498535,7.161583423614502,7.930404186248779,0.5389665961265564
back_loaded,503,6,7.702927589416504,7.759432315826416,9.063862800598145,0.3945159316062927
back_loaded,607,1,2.3231186866760254,2.273786783218384,2.799621820449829,1.404903531074524
back_loaded,607,2,2.6978273391723633,2.496004581451416,3.820403814315796,0.8131424188613892
back_loaded,607,3,3.412079095840454,3.310175657272339,4.457780838012695,0.7484605312347412
back_loaded,607,4,4.142666816711426,3.963538408279419,5.590290069580078,0.6423380374908447
back_loaded,607,5,4.941803932189941,4.702452659606934,6.8244452476501465,0.5437319278717041
back_loaded,607,6,5.586302757263184,5.366860389709473,7.452934265136719,0.44851237535476685
back_loaded,709,1,2.335202693939209,2.329134464263916,2.742851495742798,1.641347050666809
back_loaded,709,2,2.566216230392456,2.4513776302337646,3.3643429279327393,1.0163843631744385
back_loaded,709,3,3.2966842651367188,3.112057685852051,4.556175231933594,0.8061254620552063
back_loaded,709,4,4.379768371582031,4.1166863441467285,6.364619731903076,0.7137004733085632
back_loaded,709,5,5.441769123077393,5.1660380363464355,7.995669364929199,0.5984825491905212
back_loaded,709,6,6.574357509613037,6.125763416290283,9.914522171020508,0.5019926428794861
front_loaded,503,1,6.8898797035217285,6.936600208282471,8.096683502197266,5.965185165405273
front_loaded,503,2,5.815685749053955,6.0193376541137695,6.906280517578125,0.8403722047805786
front_loaded,503,3,5.935746192932129,6.136441707611084,6.851150989532471,0.6777384281158447
front_loaded,503,4,4.8937859535217285,4.9773030281066895,5.535012245178223,0.3785216212272644
front_loaded,503,5,3.7746450901031494,3.8459579944610596,4.222166538238525,0.22189268469810486
front_loaded,503,6,2.6594595909118652,2.7074642181396484,3.011542558670044,0.13081958889961243
front_loaded,607,1,7.051840305328369,6.920923233032227,8.54278564453125,4.26459264755249
front_loaded,607,2,5.328607559204102,5.14505672454834,7.182488918304443,0.6888495087623596
front_loaded,607,3,4.196867942810059,4.085616111755371,5.628064155578613,0.4387064278125763
front_loaded,607,4,3.4695117473602295,3.368924856185913,4.671841144561768,0.290066659450531
front_loaded,607,5,2.6960458755493164,2.61087965965271,3.649152994155884,0.19173996150493622
front_loaded,607,6,1.9130717515945435,1.8470215797424316,2.5960428714752197,0.12119871377944946
front_loaded,709,1,6.7810869216918945,6.712371826171875,8.465290069580078,4.766231536865234
front_loaded,709,2,4.459511756896973,4.242231369018555,5.664264678955078,0.7030439376831055
front_loaded,709,3,3.5863876342773438,3.403744697570801,4.655233860015869,0.4246141314506531
front_loaded,709,4,3.168830394744873,2.9274725914001465,4.46188497543335,0.310729056596756
front_loaded,709,5,2.616123914718628,2.406097888946533,3.8838956356048584,0.21732822060585022
front_loaded,709,6,1.9275134801864624,1.7612547874450684,2.8989100456237793,0.14057406783103943
