evaluation_phase,seed,step,samples,current_accuracy,final_accuracy,future_flip_rate,mean_current_nll,mean_final_nll,mean_remaining_nll_reduction,std_remaining_nll_reduction,median_remaining_nll_reduction,iqr_remaining_nll_reduction,positive_value_fraction,negative_value_fraction
development,503,1,4000,0.50325,0.9305,0.48525,0.9762320518493652,0.17992989718914032,0.7963021397590637,1.2223814725875854,0.6062375903129578,0.9250792264938354,0.91,0.073
development,503,2,4000,0.69375,0.9305,0.29575,0.7531917691230774,0.17992989718914032,0.5732618570327759,1.2170562744140625,0.16884511709213257,0.7827247381210327,0.80025,0.086
development,503,3,4000,0.83625,0.9305,0.13975,0.396799772977829,0.17992989718914032,0.21686987578868866,0.7864570021629333,0.021018588915467262,0.1923528015613556,0.581,0.093
development,503,4,4000,0.906,0.9305,0.055,0.23209531605243683,0.17992989718914032,0.052165400236845016,0.4502059519290924,0.002619762672111392,0.029729751870036125,0.361,0.09725
development,503,5,4000,0.92975,0.9305,0.01875,0.18558673560619354,0.17992989718914032,0.005656813737004995,0.20677857100963593,0.00039546421612612903,0.004716141149401665,0.19475,0.09
development,607,1,4000,0.51675,0.9955,0.48575,1.1071323156356812,0.018113715574145317,1.0890185832977295,1.1927489042282104,0.6107879281044006,1.696857213973999,0.99075,0.00575
development,607,2,4000,0.7085,0.9955,0.2905,0.7307236194610596,0.018113715574145317,0.7126099467277527,1.2043993473052979,0.08327260613441467,0.9109221696853638,0.71225,0.005
development,607,3,4000,0.95025,0.9955,0.04825,0.13400126993656158,0.018113715574145317,0.11588754504919052,0.4898180067539215,0.0032613659277558327,0.025902878493070602,0.36,0.00575
development,607,4,4000,0.99025,0.9955,0.00775,0.03079320676624775,0.018113715574145317,0.012679489329457283,0.18087217211723328,0.00038195349043235183,0.001501816906966269,0.084,0.00575
development,607,5,4000,0.996,0.9955,0.0015,0.01914941519498825,0.018113715574145317,0.0010356989223510027,0.08543457090854645,7.136678323149681e-05,0.00021781332907266915,0.02025,0.00575
development,709,1,4000,0.5245,0.984,0.4745,1.0147453546524048,0.060977786779403687,0.9537675976753235,1.3047502040863037,0.6327018737792969,1.0882929563522339,0.908,0.0215
development,709,2,4000,0.735,0.984,0.2655,0.7035650610923767,0.060977786779403687,0.6425873041152954,1.3447682857513428,0.10749121755361557,0.7190936803817749,0.74625,0.023
development,709,3,4000,0.9165,0.984,0.0805,0.23366983234882355,0.060977786779403687,0.17269204556941986,0.822816014289856,0.0031945703085511923,0.0320294164121151,0.36675,0.02475
development,709,4,4000,0.96875,0.984,0.02325,0.09035336971282959,0.060977786779403687,0.029375581070780754,0.408575177192688,0.00028160284273326397,0.0019872263073921204,0.13325,0.0255
development,709,5,4000,0.984,0.984,0.0055,0.059175338596105576,0.060977786779403687,-0.001802448881790042,0.15865561366081238,4.456009264686145e-05,0.0002725637750700116,0.0485,0.0245
