seed,layer,samples,current_accuracy,final_accuracy,future_flip_rate,future_correction_rate,mean_delta_nll,median_delta_nll
101,1,3600,0.6905555555555556,1.0,0.30944444444444447,0.30944444444444447,0.5535652041435242,0.4557855725288391
101,2,3600,1.0,1.0,0.0,0.0,0.0004211007908452302,0.00013918813783675432
101,3,3600,1.0,1.0,0.0,0.0,1.7535596271045506e-05,9.298424629378133e-06
202,1,3600,0.6861111111111111,1.0,0.3138888888888889,0.3138888888888889,0.5791459679603577,0.4860883951187134
202,2,3600,1.0,1.0,0.0,0.0,0.00031578284688293934,0.00013913001748733222
202,3,3600,1.0,1.0,0.0,0.0,6.912637036293745e-05,4.1009767301147804e-05
303,1,3600,0.6358333333333334,0.9947222222222222,0.36333333333333334,0.3611111111111111,0.5896020531654358,0.40832358598709106
303,2,3600,0.9816666666666667,0.9947222222222222,0.016944444444444446,0.015,0.028095750138163567,0.0016963121015578508
303,3,3600,0.9869444444444444,0.9947222222222222,0.009444444444444445,0.008611111111111111,0.015220362693071365,0.0005166225600987673
