seed,layer,task,comparator,metric,effect_favoring_ordered
101,1,delta_nll_to_final,current,r2,-4.6153918686897555e-08
101,1,delta_nll_to_final,current,mae,-5.616994874779735e-08
101,1,delta_nll_to_final,current,spearman,-1.7682622158732286e-06
101,1,delta_nll_to_final,shuffled_history,r2,0.0
101,1,delta_nll_to_final,shuffled_history,mae,-0.0
101,1,delta_nll_to_final,shuffled_history,spearman,0.0
101,1,delta_nll_to_final,dimension_matched,r2,0.0006750843537716156
101,1,delta_nll_to_final,dimension_matched,mae,0.00022402390609049805
101,1,delta_nll_to_final,dimension_matched,spearman,0.0009974807347178372
101,1,delta_nll_to_final,sample_mismatched_history,r2,0.0
101,1,delta_nll_to_final,sample_mismatched_history,mae,-0.0
101,1,delta_nll_to_final,sample_mismatched_history,spearman,0.0
101,1,future_correction,current,roc_auc,2.255686585961314e-06
101,1,future_correction,current,log_loss,-5.23931741447381e-06
101,1,future_correction,shuffled_history,roc_auc,0.0
101,1,future_correction,shuffled_history,log_loss,-0.0
101,1,future_correction,dimension_matched,roc_auc,-7.443765733405883e-05
101,1,future_correction,dimension_matched,log_loss,7.175060068831396e-05
101,1,future_correction,sample_mismatched_history,roc_auc,0.0
101,1,future_correction,sample_mismatched_history,log_loss,-0.0
101,1,future_flip,current,roc_auc,2.255686585961314e-06
101,1,future_flip,current,log_loss,-5.23931741447381e-06
101,1,future_flip,shuffled_history,roc_auc,0.0
101,1,future_flip,shuffled_history,log_loss,-0.0
101,1,future_flip,dimension_matched,roc_auc,-7.443765733405883e-05
101,1,future_flip,dimension_matched,log_loss,7.175060068831396e-05
101,1,future_flip,sample_mismatched_history,roc_auc,0.0
101,1,future_flip,sample_mismatched_history,log_loss,-0.0
101,2,delta_nll_to_final,current,r2,-3.224025627357463e-06
101,2,delta_nll_to_final,current,mae,-9.021476300914698e-08
101,2,delta_nll_to_final,current,spearman,0.00014087222589809212
101,2,delta_nll_to_final,shuffled_history,r2,5.66768630028136e-07
101,2,delta_nll_to_final,shuffled_history,mae,3.1328090978278224e-08
101,2,delta_nll_to_final,shuffled_history,spearman,7.420572181970897e-05
101,2,delta_nll_to_final,dimension_matched,r2,-2.272942784076193e-05
101,2,delta_nll_to_final,dimension_matched,mae,-1.2440472105962907e-06
101,2,delta_nll_to_final,dimension_matched,spearman,-0.0003393476026916087
101,2,delta_nll_to_final,sample_mismatched_history,r2,-2.0977450876369375e-06
101,2,delta_nll_to_final,sample_mismatched_history,mae,7.313841237443281e-09
101,2,delta_nll_to_final,sample_mismatched_history,spearman,0.00021425509690620181
101,3,delta_nll_to_final,current,r2,0.002159485409010453
101,3,delta_nll_to_final,current,mae,2.6108881938650295e-07
101,3,delta_nll_to_final,current,spearman,0.009631058769009493
101,3,delta_nll_to_final,shuffled_history,r2,5.023094367151426e-05
101,3,delta_nll_to_final,shuffled_history,mae,1.2466126537077283e-07
101,3,delta_nll_to_final,shuffled_history,spearman,0.005216937854989667
101,3,delta_nll_to_final,dimension_matched,r2,0.0021681391189107835
101,3,delta_nll_to_final,dimension_matched,mae,2.8055326496583206e-07
101,3,delta_nll_to_final,dimension_matched,spearman,0.008121364464212633
101,3,delta_nll_to_final,sample_mismatched_history,r2,0.0024879321588889836
101,3,delta_nll_to_final,sample_mismatched_history,mae,3.5045853407420687e-07
101,3,delta_nll_to_final,sample_mismatched_history,spearman,0.013913003666038981
202,1,delta_nll_to_final,current,r2,2.7081257425454197e-07
202,1,delta_nll_to_final,current,mae,8.54049737042395e-08
202,1,delta_nll_to_final,current,spearman,3.544561965829196e-06
202,1,delta_nll_to_final,shuffled_history,r2,0.0
202,1,delta_nll_to_final,shuffled_history,mae,-0.0
202,1,delta_nll_to_final,shuffled_history,spearman,0.0
202,1,delta_nll_to_final,dimension_matched,r2,0.00044043834754514677
202,1,delta_nll_to_final,dimension_matched,mae,0.0003599657588326255
202,1,delta_nll_to_final,dimension_matched,spearman,0.002732997932841208
202,1,delta_nll_to_final,sample_mismatched_history,r2,0.0
202,1,delta_nll_to_final,sample_mismatched_history,mae,-0.0
202,1,delta_nll_to_final,sample_mismatched_history,spearman,0.0
202,1,future_correction,current,roc_auc,-4.030668911902957e-05
202,1,future_correction,current,log_loss,1.2871793164226375e-05
202,1,future_correction,shuffled_history,roc_auc,0.0
202,1,future_correction,shuffled_history,log_loss,-0.0
202,1,future_correction,dimension_matched,roc_auc,-0.0005799684712121111
202,1,future_correction,dimension_matched,log_loss,0.0005113427266105752
202,1,future_correction,sample_mismatched_history,roc_auc,0.0
202,1,future_correction,sample_mismatched_history,log_loss,-0.0
202,1,future_flip,current,roc_auc,-4.030668911902957e-05
202,1,future_flip,current,log_loss,1.2871793164226375e-05
202,1,future_flip,shuffled_history,roc_auc,0.0
202,1,future_flip,shuffled_history,log_loss,-0.0
202,1,future_flip,dimension_matched,roc_auc,-0.0005799684712121111
202,1,future_flip,dimension_matched,log_loss,0.0005113427266105752
202,1,future_flip,sample_mismatched_history,roc_auc,0.0
202,1,future_flip,sample_mismatched_history,log_loss,-0.0
202,2,delta_nll_to_final,current,r2,3.464511248307822e-05
202,2,delta_nll_to_final,current,mae,1.578907266862604e-07
202,2,delta_nll_to_final,current,spearman,0.0007543607513651462
202,2,delta_nll_to_final,shuffled_history,r2,0.00013394738999794598
202,2,delta_nll_to_final,shuffled_history,mae,1.0163175795866333e-06
202,2,delta_nll_to_final,shuffled_history,spearman,0.0015141588874668654
202,2,delta_nll_to_final,dimension_matched,r2,0.0006220628311326415
202,2,delta_nll_to_final,dimension_matched,mae,2.2507524967087067e-06
202,2,delta_nll_to_final,dimension_matched,spearman,0.0031290344164398576
202,2,delta_nll_to_final,sample_mismatched_history,r2,0.00012197528094926025
202,2,delta_nll_to_final,sample_mismatched_history,mae,7.939051436883327e-07
202,2,delta_nll_to_final,sample_mismatched_history,spearman,0.0012433635768243079
202,3,delta_nll_to_final,current,r2,0.00020216675643958126
202,3,delta_nll_to_final,current,mae,3.361231551206771e-07
202,3,delta_nll_to_final,current,spearman,0.004880874015621539
202,3,delta_nll_to_final,shuffled_history,r2,0.00016433580060537523
202,3,delta_nll_to_final,shuffled_history,mae,5.038801093654101e-07
202,3,delta_nll_to_final,shuffled_history,spearman,0.006508610424487804
202,3,delta_nll_to_final,dimension_matched,r2,0.00010756385454346873
202,3,delta_nll_to_final,dimension_matched,mae,2.3439945546741403e-07
202,3,delta_nll_to_final,dimension_matched,spearman,0.0029151390659946097
202,3,delta_nll_to_final,sample_mismatched_history,r2,0.0002269273898255486
202,3,delta_nll_to_final,sample_mismatched_history,mae,6.548857360761078e-07
202,3,delta_nll_to_final,sample_mismatched_history,spearman,0.008177303355543564
303,1,delta_nll_to_final,current,r2,6.259090761240316e-07
303,1,delta_nll_to_final,current,mae,-7.671268130171605e-07
303,1,delta_nll_to_final,current,spearman,6.852016072533829e-06
303,1,delta_nll_to_final,shuffled_history,r2,0.0
303,1,delta_nll_to_final,shuffled_history,mae,-0.0
303,1,delta_nll_to_final,shuffled_history,spearman,0.0
303,1,delta_nll_to_final,dimension_matched,r2,0.00010985776473249054
303,1,delta_nll_to_final,dimension_matched,mae,-0.0002902688633534267
303,1,delta_nll_to_final,dimension_matched,spearman,0.0029380681351135474
303,1,delta_nll_to_final,sample_mismatched_history,r2,0.0
303,1,delta_nll_to_final,sample_mismatched_history,mae,-0.0
303,1,delta_nll_to_final,sample_mismatched_history,spearman,0.0
303,1,future_correction,current,roc_auc,9.212807477454454e-05
303,1,future_correction,current,log_loss,5.541846602807876e-05
303,1,future_correction,shuffled_history,roc_auc,0.0
303,1,future_correction,shuffled_history,log_loss,-0.0
303,1,future_correction,dimension_matched,roc_auc,0.0008396217723767307
303,1,future_correction,dimension_matched,log_loss,3.222477324338335e-05
303,1,future_correction,sample_mismatched_history,roc_auc,0.0
303,1,future_correction,sample_mismatched_history,log_loss,-0.0
303,1,future_flip,current,roc_auc,8.34044008332091e-05
303,1,future_flip,current,log_loss,-1.2419252770512479e-05
303,1,future_flip,shuffled_history,roc_auc,0.0
303,1,future_flip,shuffled_history,log_loss,-0.0
303,1,future_flip,dimension_matched,roc_auc,0.0003085962830828848
303,1,future_flip,dimension_matched,log_loss,-0.0002608859914028372
303,1,future_flip,sample_mismatched_history,roc_auc,0.0
303,1,future_flip,sample_mismatched_history,log_loss,-0.0
303,2,delta_nll_to_final,current,r2,0.00949381441312469
303,2,delta_nll_to_final,current,mae,-0.0006895564648118913
303,2,delta_nll_to_final,current,spearman,-8.106276561015147e-05
303,2,delta_nll_to_final,shuffled_history,r2,0.008448977208566522
303,2,delta_nll_to_final,shuffled_history,mae,0.004079182029389047
303,2,delta_nll_to_final,shuffled_history,spearman,0.002492922983120649
303,2,delta_nll_to_final,dimension_matched,r2,0.008703471652669936
303,2,delta_nll_to_final,dimension_matched,mae,0.0009138015068043959
303,2,delta_nll_to_final,dimension_matched,spearman,0.01064532827507464
303,2,delta_nll_to_final,sample_mismatched_history,r2,0.01553152236403954
303,2,delta_nll_to_final,sample_mismatched_history,mae,0.0019895003975549386
303,2,delta_nll_to_final,sample_mismatched_history,spearman,0.004858286730145156
303,2,future_correction,current,roc_auc,0.0014114326040932657
303,2,future_correction,current,log_loss,0.0015126267061378665
303,2,future_correction,shuffled_history,roc_auc,0.004050197907397912
303,2,future_correction,shuffled_history,log_loss,0.006875547838971298
303,2,future_correction,dimension_matched,roc_auc,0.00021478322236212488
303,2,future_correction,dimension_matched,log_loss,-0.000693720766811335
303,2,future_correction,sample_mismatched_history,roc_auc,0.0013500659691327854
303,2,future_correction,sample_mismatched_history,log_loss,0.0009086428533230939
303,2,future_flip,current,roc_auc,0.0030014124293786804
303,2,future_flip,current,log_loss,0.0032089449892333637
303,2,future_flip,shuffled_history,roc_auc,0.004090160075329585
303,2,future_flip,shuffled_history,log_loss,0.004443159778561662
303,2,future_flip,dimension_matched,roc_auc,0.0016184086629001948
303,2,future_flip,dimension_matched,log_loss,0.0016191332787491367
303,2,future_flip,sample_mismatched_history,roc_auc,0.003678201506591372
303,2,future_flip,sample_mismatched_history,log_loss,0.0037527415440250234
303,3,delta_nll_to_final,current,r2,0.014691947740847477
303,3,delta_nll_to_final,current,mae,0.00016726457916524384
303,3,delta_nll_to_final,current,spearman,0.05374490327553452
303,3,delta_nll_to_final,shuffled_history,r2,0.04386493795805435
303,3,delta_nll_to_final,shuffled_history,mae,0.006699337583832919
303,3,delta_nll_to_final,shuffled_history,spearman,0.07330172122672904
303,3,delta_nll_to_final,dimension_matched,r2,0.014278056474900547
303,3,delta_nll_to_final,dimension_matched,mae,0.0008054142498092678
303,3,delta_nll_to_final,dimension_matched,spearman,0.05720252301760986
303,3,delta_nll_to_final,sample_mismatched_history,r2,0.04216567185871378
303,3,delta_nll_to_final,sample_mismatched_history,mae,0.004123930947936047
303,3,delta_nll_to_final,sample_mismatched_history,spearman,0.05597313375408858
303,3,future_correction,current,roc_auc,-0.018182728912041757
303,3,future_correction,current,log_loss,-0.0018662141042708469
303,3,future_correction,shuffled_history,roc_auc,0.035664195551993516
303,3,future_correction,shuffled_history,log_loss,0.0032222535604180744
303,3,future_correction,dimension_matched,roc_auc,-0.010018032458425141
303,3,future_correction,dimension_matched,log_loss,-0.0006255067804068794
303,3,future_correction,sample_mismatched_history,roc_auc,-0.017080745341614856
303,3,future_correction,sample_mismatched_history,log_loss,0.008992323160597768
303,3,future_flip,current,roc_auc,-0.007012622720897643
303,3,future_flip,current,log_loss,-0.004047872452210787
303,3,future_flip,shuffled_history,roc_auc,0.039270687237026536
303,3,future_flip,shuffled_history,log_loss,-3.996070299010224e-05
303,3,future_flip,dimension_matched,roc_auc,-0.0043578441194150885
303,3,future_flip,dimension_matched,log_loss,-0.003615648667187235
303,3,future_flip,sample_mismatched_history,roc_auc,-0.007062712883189715
303,3,future_flip,sample_mismatched_history,log_loss,0.001017269801396322
