seed,layer,task,task_kind,condition,status,input_dimension,positive_rate,roc_auc,pr_auc,log_loss,brier,ece_10,accuracy,r2,mae,spearman
101,1,future_flip,binary,current,ok,36.0,0.30944444444444447,0.6889994676579657,0.4517144198785214,0.5547360884114784,0.192893077300309,0.026440130703496722,0.6965277777777777,,,
101,1,future_flip,binary,ordered_history,ok,72.0,0.30944444444444447,0.6890017233445517,0.4517864965073235,0.5547413277288928,0.19289436367826815,0.027081615311409016,0.6972222222222222,,,
101,1,future_flip,binary,shuffled_history,ok,72.0,0.30944444444444447,0.6890017233445517,0.4517864965073235,0.5547413277288928,0.19289436367826815,0.027081615311409016,0.6972222222222222,,,
101,1,future_flip,binary,dimension_matched,ok,72.0,0.30944444444444447,0.6890761610018857,0.45352335965545787,0.5548130783295812,0.19293961557913986,0.025625353642012717,0.6951388888888889,,,
101,1,future_flip,binary,sample_mismatched_history,ok,72.0,0.30944444444444447,0.6890017233445517,0.4517864965073235,0.5547413277288928,0.19289436367826815,0.027081615311409016,0.6972222222222222,,,
101,1,future_flip,binary,residual_history,ok,72.0,0.30944444444444447,0.6890017233445517,0.4517864965073235,0.5547413277288928,0.19289436367826815,0.027081615311409016,0.6972222222222222,,,
101,1,future_correction,binary,current,ok,36.0,0.30944444444444447,0.6889994676579657,0.4517144198785214,0.5547360884114784,0.192893077300309,0.026440130703496722,0.6965277777777777,,,
101,1,future_correction,binary,ordered_history,ok,72.0,0.30944444444444447,0.6890017233445517,0.4517864965073235,0.5547413277288928,0.19289436367826815,0.027081615311409016,0.6972222222222222,,,
101,1,future_correction,binary,shuffled_history,ok,72.0,0.30944444444444447,0.6890017233445517,0.4517864965073235,0.5547413277288928,0.19289436367826815,0.027081615311409016,0.6972222222222222,,,
101,1,future_correction,binary,dimension_matched,ok,72.0,0.30944444444444447,0.6890761610018857,0.45352335965545787,0.5548130783295812,0.19293961557913986,0.025625353642012717,0.6951388888888889,,,
101,1,future_correction,binary,sample_mismatched_history,ok,72.0,0.30944444444444447,0.6890017233445517,0.4517864965073235,0.5547413277288928,0.19289436367826815,0.027081615311409016,0.6972222222222222,,,
101,1,future_correction,binary,residual_history,ok,72.0,0.30944444444444447,0.6890017233445517,0.4517864965073235,0.5547413277288928,0.19289436367826815,0.027081615311409016,0.6972222222222222,,,
101,1,delta_nll_to_final,regression,current,ok,36.0,,,,,,,,0.247480571269989,0.25665608048439026,0.5799147612012013
101,1,delta_nll_to_final,regression,ordered_history,ok,72.0,,,,,,,,0.24748052511607033,0.256656136654339,0.5799129929389855
101,1,delta_nll_to_final,regression,shuffled_history,ok,72.0,,,,,,,,0.24748052511607033,0.256656136654339,0.5799129929389855
101,1,delta_nll_to_final,regression,dimension_matched,ok,72.0,,,,,,,,0.2468054407622987,0.2568801605604295,0.5789155122042676
101,1,delta_nll_to_final,regression,sample_mismatched_history,ok,72.0,,,,,,,,0.24748052511607033,0.256656136654339,0.5799129929389855
101,1,delta_nll_to_final,regression,residual_history,ok,72.0,,,,,,,,0.24748052511607033,0.256656136654339,0.5799129929389855
101,2,future_flip,binary,all,skipped_insufficient_class_count,,0.0,,,,,,,,,
101,2,future_correction,binary,all,skipped_insufficient_class_count,,0.0,,,,,,,,,
101,2,delta_nll_to_final,regression,current,ok,36.0,,,,,,,,0.9999591708183289,3.8086191125330515e-06,0.9990056991261843
101,2,delta_nll_to_final,regression,ordered_history,ok,108.0,,,,,,,,0.9999559467927015,3.8988338755421985e-06,0.9991465713520824
101,2,delta_nll_to_final,regression,shuffled_history,ok,108.0,,,,,,,,0.9999553800240715,3.930161966520477e-06,0.9990723656302627
101,2,delta_nll_to_final,regression,dimension_matched,ok,108.0,,,,,,,,0.9999786762205423,2.654786664945908e-06,0.999485918954774
101,2,delta_nll_to_final,regression,sample_mismatched_history,ok,108.0,,,,,,,,0.9999580445377891,3.906147716779642e-06,0.9989323162551762
101,2,delta_nll_to_final,regression,residual_history,ok,108.0,,,,,,,,0.9999552624269472,4.0669735030504284e-06,0.999018265844212
101,3,future_flip,binary,all,skipped_insufficient_class_count,,0.0,,,,,,,,,
101,3,future_correction,binary,all,skipped_insufficient_class_count,,0.0,,,,,,,,,
101,3,delta_nll_to_final,regression,current,ok,36.0,,,,,,,,0.9772080183029175,2.300822870893171e-06,0.9597391874688652
101,3,delta_nll_to_final,regression,ordered_history,ok,144.0,,,,,,,,0.9793675037119279,2.039734051506668e-06,0.9693702462378747
101,3,delta_nll_to_final,regression,shuffled_history,ok,144.0,,,,,,,,0.9793172727682564,2.164395316877441e-06,0.964153308382885
101,3,delta_nll_to_final,regression,dimension_matched,ok,144.0,,,,,,,,0.9771993645930172,2.3202873164725e-06,0.9612488817736621
101,3,delta_nll_to_final,regression,sample_mismatched_history,ok,144.0,,,,,,,,0.976879571553039,2.390192585580875e-06,0.9554572425718357
101,3,delta_nll_to_final,regression,residual_history,ok,144.0,,,,,,,,0.9796809830414224,2.063585341753959e-06,0.9674159203158139
202,1,future_flip,binary,current,ok,36.0,0.3138888888888889,0.6917904231306653,0.4495761143395485,0.5468254546773641,0.1908532990798252,0.03656085240967823,0.6729166666666667,,,
202,1,future_flip,binary,ordered_history,ok,72.0,0.3138888888888889,0.6917501164415463,0.4495353828139821,0.5468125828841999,0.1908445186261784,0.036539380822470525,0.6729166666666667,,,
202,1,future_flip,binary,shuffled_history,ok,72.0,0.3138888888888889,0.6917501164415463,0.4495353828139821,0.5468125828841999,0.1908445186261784,0.036539380822470525,0.6729166666666667,,,
202,1,future_flip,binary,dimension_matched,ok,72.0,0.3138888888888889,0.6923300849127584,0.4511972656690931,0.5473239256108104,0.19109702006189463,0.03744878893210038,0.6708333333333333,,,
202,1,future_flip,binary,sample_mismatched_history,ok,72.0,0.3138888888888889,0.6917501164415463,0.4495353828139821,0.5468125828841999,0.1908445186261784,0.036539380822470525,0.6729166666666667,,,
202,1,future_flip,binary,residual_history,ok,72.0,0.3138888888888889,0.6917501164415463,0.4495353828139821,0.5468125828841999,0.1908445186261784,0.036539380822470525,0.6729166666666667,,,
202,1,future_correction,binary,current,ok,36.0,0.3138888888888889,0.6917904231306653,0.4495761143395485,0.5468254546773641,0.1908532990798252,0.03656085240967823,0.6729166666666667,,,
202,1,future_correction,binary,ordered_history,ok,72.0,0.3138888888888889,0.6917501164415463,0.4495353828139821,0.5468125828841999,0.1908445186261784,0.036539380822470525,0.6729166666666667,,,
202,1,future_correction,binary,shuffled_history,ok,72.0,0.3138888888888889,0.6917501164415463,0.4495353828139821,0.5468125828841999,0.1908445186261784,0.036539380822470525,0.6729166666666667,,,
202,1,future_correction,binary,dimension_matched,ok,72.0,0.3138888888888889,0.6923300849127584,0.4511972656690931,0.5473239256108104,0.19109702006189463,0.03744878893210038,0.6708333333333333,,,
202,1,future_correction,binary,sample_mismatched_history,ok,72.0,0.3138888888888889,0.6917501164415463,0.4495353828139821,0.5468125828841999,0.1908445186261784,0.036539380822470525,0.6729166666666667,,,
202,1,future_correction,binary,residual_history,ok,72.0,0.3138888888888889,0.6917501164415463,0.4495353828139821,0.5468125828841999,0.1908445186261784,0.036539380822470525,0.6729166666666667,,,
202,1,delta_nll_to_final,regression,current,ok,36.0,,,,,,,,0.2072519063949585,0.31057214736938477,0.4698653136781612
202,1,delta_nll_to_final,regression,ordered_history,ok,72.0,,,,,,,,0.20725217720753275,0.31057206196441106,0.46986885824012703
202,1,delta_nll_to_final,regression,shuffled_history,ok,72.0,,,,,,,,0.20725217720753275,0.31057206196441106,0.46986885824012703
202,1,delta_nll_to_final,regression,dimension_matched,ok,72.0,,,,,,,,0.2068117388599876,0.3109320277232437,0.4671358603072858
202,1,delta_nll_to_final,regression,sample_mismatched_history,ok,72.0,,,,,,,,0.20725217720753275,0.31057206196441106,0.46986885824012703
202,1,delta_nll_to_final,regression,residual_history,ok,72.0,,,,,,,,0.20725217720753275,0.31057206196441106,0.46986885824012703
202,2,future_flip,binary,all,skipped_insufficient_class_count,,0.0,,,,,,,,,
202,2,future_correction,binary,all,skipped_insufficient_class_count,,0.0,,,,,,,,,
202,2,delta_nll_to_final,regression,current,ok,36.0,,,,,,,,0.9989278316497803,7.815746357664466e-06,0.9953975219165527
202,2,delta_nll_to_final,regression,ordered_history,ok,108.0,,,,,,,,0.9989624767622634,7.657855630978205e-06,0.9961518826679179
202,2,delta_nll_to_final,regression,shuffled_history,ok,108.0,,,,,,,,0.9988285293722654,8.674173210564839e-06,0.994637723780451
202,2,delta_nll_to_final,regression,dimension_matched,ok,108.0,,,,,,,,0.9983404139311307,9.908608127686912e-06,0.993022848251478
202,2,delta_nll_to_final,regression,sample_mismatched_history,ok,108.0,,,,,,,,0.9988405014813141,8.451760774666538e-06,0.9949085190910936
202,2,delta_nll_to_final,regression,residual_history,ok,108.0,,,,,,,,0.9988172535942752,8.837083262902692e-06,0.9947751418450461
202,3,future_flip,binary,all,skipped_insufficient_class_count,,0.0,,,,,,,,,
202,3,future_correction,binary,all,skipped_insufficient_class_count,,0.0,,,,,,,,,
202,3,delta_nll_to_final,regression,current,ok,36.0,,,,,,,,0.9960078001022339,5.932096428296063e-06,0.9682773118832625
202,3,delta_nll_to_final,regression,ordered_history,ok,144.0,,,,,,,,0.9962099668586735,5.595973273175386e-06,0.973158185898884
202,3,delta_nll_to_final,regression,shuffled_history,ok,144.0,,,,,,,,0.9960456310580681,6.099853382540796e-06,0.9666495754743962
202,3,delta_nll_to_final,regression,dimension_matched,ok,144.0,,,,,,,,0.99610240300413,5.8303727286428e-06,0.9702430468328894
202,3,delta_nll_to_final,regression,sample_mismatched_history,ok,144.0,,,,,,,,0.9959830394688479,6.250859009251494e-06,0.9649808825433405
202,3,delta_nll_to_final,regression,residual_history,ok,144.0,,,,,,,,0.9964940209970745,6.200832383528608e-06,0.9617665180231597
303,1,future_flip,binary,current,ok,36.0,0.36333333333333334,0.7260478199132178,0.5788125646677487,0.5651892730181255,0.1960689121828134,0.03871968229344536,0.6833333333333333,,,
303,1,future_flip,binary,ordered_history,ok,72.0,0.36333333333333334,0.726131224314051,0.5788981355783471,0.565201692270896,0.1960715995926981,0.039571426036881296,0.68125,,,
303,1,future_flip,binary,shuffled_history,ok,72.0,0.36333333333333334,0.726131224314051,0.5788981355783471,0.565201692270896,0.1960715995926981,0.039571426036881296,0.68125,,,
303,1,future_flip,binary,dimension_matched,ok,72.0,0.36333333333333334,0.7258226280309681,0.5780046426144465,0.5649408062794932,0.19608370865365735,0.037101460240070376,0.6784722222222223,,,
303,1,future_flip,binary,sample_mismatched_history,ok,72.0,0.36333333333333334,0.726131224314051,0.5788981355783471,0.565201692270896,0.1960715995926981,0.039571426036881296,0.68125,,,
303,1,future_flip,binary,residual_history,ok,72.0,0.36333333333333334,0.726131224314051,0.5788981355783471,0.565201692270896,0.1960715995926981,0.039571426036881296,0.68125,,,
303,1,future_correction,binary,current,ok,36.0,0.3611111111111111,0.7232451695575339,0.5653654932579086,0.5656485838159111,0.19628570904641415,0.03224207031943333,0.6819444444444445,,,
303,1,future_correction,binary,ordered_history,ok,72.0,0.3611111111111111,0.7233372976323085,0.5657658514973426,0.565593165349883,0.19625358964804385,0.03465459504104786,0.6805555555555556,,,
303,1,future_correction,binary,shuffled_history,ok,72.0,0.3611111111111111,0.7233372976323085,0.5657658514973426,0.565593165349883,0.19625358964804385,0.03465459504104786,0.6805555555555556,,,
303,1,future_correction,binary,dimension_matched,ok,72.0,0.3611111111111111,0.7224976758599317,0.5658610310444027,0.5656253901231264,0.19637356772855646,0.036499337364098106,0.6777777777777778,,,
303,1,future_correction,binary,sample_mismatched_history,ok,72.0,0.3611111111111111,0.7233372976323085,0.5657658514973426,0.565593165349883,0.19625358964804385,0.03465459504104786,0.6805555555555556,,,
303,1,future_correction,binary,residual_history,ok,72.0,0.3611111111111111,0.7233372976323085,0.5657658514973426,0.565593165349883,0.19625358964804385,0.03465459504104786,0.6805555555555556,,,
303,1,delta_nll_to_final,regression,current,ok,36.0,,,,,,,,0.14752352237701416,0.3197242319583893,0.5182488799646302
303,1,delta_nll_to_final,regression,ordered_history,ok,72.0,,,,,,,,0.14752414828609028,0.3197249990852023,0.5182557319807027
303,1,delta_nll_to_final,regression,shuffled_history,ok,72.0,,,,,,,,0.14752414828609028,0.3197249990852023,0.5182557319807027
303,1,delta_nll_to_final,regression,dimension_matched,ok,72.0,,,,,,,,0.1474142905213578,0.3194347302218489,0.5153176638455892
303,1,delta_nll_to_final,regression,sample_mismatched_history,ok,72.0,,,,,,,,0.14752414828609028,0.3197249990852023,0.5182557319807027
303,1,delta_nll_to_final,regression,residual_history,ok,72.0,,,,,,,,0.14752414828609028,0.3197249990852023,0.5182557319807027
303,2,future_flip,binary,current,ok,36.0,0.016944444444444446,0.9905249529190207,0.5386461202897869,0.029965783513687696,0.009974530475066443,0.009838258321479255,0.9819444444444444,,,
303,2,future_flip,binary,ordered_history,ok,108.0,0.016944444444444446,0.9935263653483993,0.6196371321550692,0.026756838524454332,0.00875208878976817,0.005877883164928414,0.9861111111111112,,,
303,2,future_flip,binary,shuffled_history,ok,108.0,0.016944444444444446,0.9894362052730697,0.5755474177684974,0.031199998303015994,0.010009865511944176,0.005879296931737395,0.9840277777777777,,,
303,2,future_flip,binary,dimension_matched,ok,108.0,0.016944444444444446,0.9919079566854991,0.5728636513578136,0.02837597180320347,0.00945464827957242,0.006672482604586519,0.9833333333333333,,,
303,2,future_flip,binary,sample_mismatched_history,ok,108.0,0.016944444444444446,0.989848163841808,0.5579165363160362,0.030509580068479356,0.010140037549967108,0.0062776360418909495,0.9840277777777777,,,
303,2,future_flip,binary,residual_history,ok,108.0,0.016944444444444446,0.9939383239171373,0.7224920079184328,0.024718398830247807,0.007870983869907543,0.006597153141527787,0.9875,,,
303,2,future_correction,binary,current,ok,36.0,0.015,0.9934337700592188,0.6418494107438741,0.02536539569451568,0.008389819982000625,0.0075718395054727074,0.9847222222222223,,,
303,2,future_correction,binary,ordered_history,ok,108.0,0.015,0.9948452026633121,0.6893185686339802,0.023852768988377814,0.007860205960510345,0.006589082298739904,0.9861111111111112,,,
303,2,future_correction,binary,shuffled_history,ok,108.0,0.015,0.9907950047559142,0.582467939481311,0.03072831682734911,0.009863157124482741,0.007013921996262882,0.9840277777777777,,,
303,2,future_correction,binary,dimension_matched,ok,108.0,0.015,0.99463041944095,0.700590614333849,0.02315904822156648,0.007591673307991125,0.007187514956564904,0.9875,,,
303,2,future_correction,binary,sample_mismatched_history,ok,108.0,0.015,0.9934951366941793,0.6594196997433858,0.024761411841700907,0.008106520347536419,0.004956323815454575,0.9854166666666667,,,
303,2,future_correction,binary,residual_history,ok,108.0,0.015,0.9945690528059894,0.7443497464320232,0.02370363860172385,0.0075733326552065005,0.005741669296944952,0.9888888888888889,,,
303,2,delta_nll_to_final,regression,current,ok,36.0,,,,,,,,0.22989100217819214,0.07896265387535095,0.2710632484864263
303,2,delta_nll_to_final,regression,ordered_history,ok,108.0,,,,,,,,0.23938481659131683,0.07965221034016284,0.27098218572081617
303,2,delta_nll_to_final,regression,shuffled_history,ok,108.0,,,,,,,,0.2309358393827503,0.08373139236955189,0.2684892627376955
303,2,delta_nll_to_final,regression,dimension_matched,ok,108.0,,,,,,,,0.2306813449386469,0.08056601184696724,0.26033685744574153
303,2,delta_nll_to_final,regression,sample_mismatched_history,ok,108.0,,,,,,,,0.2238532942272773,0.08164171073771778,0.266123898990671
303,2,delta_nll_to_final,regression,residual_history,ok,108.0,,,,,,,,0.24263087827459073,0.08271397430767813,0.2784194885031922
303,3,future_flip,binary,current,ok,36.0,0.009444444444444445,0.9936886395511921,0.6461577070058768,0.018004072930502924,0.004901129545793373,0.0029677275366852963,0.99375,,,
303,3,future_flip,binary,ordered_history,ok,144.0,0.009444444444444445,0.9866760168302945,0.590747259137451,0.02205194538271371,0.004467680705790581,0.0034186612857862566,0.9951388888888889,,,
303,3,future_flip,binary,shuffled_history,ok,144.0,0.009444444444444445,0.947405329593268,0.6909359978198794,0.02201198467972361,0.0040742046262070486,0.0034128355694562004,0.9944444444444445,,,
303,3,future_flip,binary,dimension_matched,ok,144.0,0.009444444444444445,0.9910338609497096,0.6442250979385338,0.018436296715526476,0.004664922299857891,0.004115863304695202,0.9944444444444445,,,
303,3,future_flip,binary,sample_mismatched_history,ok,144.0,0.009444444444444445,0.9937387297134842,0.5904833887916594,0.023069215184110033,0.006952992133376182,0.006621644157798539,0.9902777777777778,,,
303,3,future_flip,binary,residual_history,ok,144.0,0.009444444444444445,0.9467541574834702,0.5529760886340737,0.03634834854540237,0.005740320084419734,0.0055726214303191395,0.99375,,,
303,3,future_correction,binary,current,ok,36.0,0.008611111111111111,0.9909837707874174,0.7954170571430632,0.01623459639481857,0.004025567695237819,0.0023756741603245222,0.9944444444444445,,,
303,3,future_correction,binary,ordered_history,ok,144.0,0.008611111111111111,0.9728010418753756,0.711370191877055,0.018100810499089418,0.003925052685600391,0.0029419696008904967,0.9958333333333333,,,
303,3,future_correction,binary,shuffled_history,ok,144.0,0.008611111111111111,0.9371368463233821,0.7189394292378637,0.021323064059507492,0.003819702583026571,0.0037084046067245974,0.9958333333333333,,,
303,3,future_correction,binary,dimension_matched,ok,144.0,0.008611111111111111,0.9828190743338008,0.804948302850552,0.017475303718682538,0.003865804243872623,0.004715990686255304,0.9951388888888889,,,
303,3,future_correction,binary,sample_mismatched_history,ok,144.0,0.008611111111111111,0.9898817872169905,0.5259289080982964,0.027093133659687185,0.007052043343974961,0.006734331041700364,0.9916666666666667,,,
303,3,future_correction,binary,residual_history,ok,144.0,0.008611111111111111,0.9301993588459228,0.7643306416288885,0.02626455628572699,0.004344623817957246,0.004579222118994795,0.9958333333333333,,,
303,3,delta_nll_to_final,regression,current,ok,36.0,,,,,,,,0.24729406833648682,0.05537767335772514,0.09078907230349437
303,3,delta_nll_to_final,regression,ordered_history,ok,144.0,,,,,,,,0.2619860160773343,0.0552104087785599,0.1445339755790289
303,3,delta_nll_to_final,regression,shuffled_history,ok,144.0,,,,,,,,0.21812107811927994,0.06190974636239282,0.07123225435229985
303,3,delta_nll_to_final,regression,dimension_matched,ok,144.0,,,,,,,,0.24770795960243375,0.05601582302836917,0.08733145256141903
303,3,delta_nll_to_final,regression,sample_mismatched_history,ok,144.0,,,,,,,,0.2198203442186205,0.05933433972649595,0.08856084182494031
303,3,delta_nll_to_final,regression,residual_history,ok,144.0,,,,,,,,0.2532202713660807,0.0616295437420089,0.14176851394849838
