seed,step,arm,alias,input_dimensions,ensemble_parameters,affine_macs_per_example,extra_rff_projection_macs,history_float32_bytes_per_example,fit_seconds
503,2,current_mlp,,388,24962,24896,0,0,2.455221176147461
503,2,current_rff_mlp,,424,27266,27200,13968,0,2.61989164352417
503,2,history_mlp,,424,27266,27200,0,144,2.683967351913452
503,2,shuffled_mlp,history_mlp,424,27266,27200,0,144,0.0
503,2,mismatched_mlp,,424,27266,27200,0,144,2.6062746047973633
503,2,current_ridge,,388,389,388,0,0,0.030224084854125977
503,2,current_rff_ridge,,424,425,424,13968,0,0.03469443321228027
503,2,history_ridge,,424,425,424,0,144,0.03833937644958496
503,2,current_reference,current_mlp,388,24962,24896,0,0,0.0
503,3,current_mlp,,388,24962,24896,0,0,2.4097371101379395
503,3,current_rff_mlp,,460,29570,29504,27936,0,2.6692147254943848
503,3,history_mlp,,460,29570,29504,0,288,2.8440496921539307
503,3,shuffled_mlp,,460,29570,29504,0,288,2.766453981399536
503,3,mismatched_mlp,,460,29570,29504,0,288,2.797729730606079
503,3,current_ridge,,388,389,388,0,0,0.028282642364501953
503,3,current_rff_ridge,,460,461,460,27936,0,0.06361198425292969
503,3,history_ridge,,460,461,460,0,288,0.03949117660522461
503,3,current_reference,current_mlp,388,24962,24896,0,0,0.0
503,4,current_mlp,,388,24962,24896,0,0,2.405611515045166
503,4,current_rff_mlp,,496,31874,31808,41904,0,2.942455291748047
503,4,history_mlp,,496,31874,31808,0,432,2.8294432163238525
503,4,shuffled_mlp,,496,31874,31808,0,432,2.795497179031372
503,4,mismatched_mlp,,496,31874,31808,0,432,2.879526138305664
503,4,current_ridge,,388,389,388,0,0,0.030462980270385742
503,4,current_rff_ridge,,496,497,496,41904,0,0.047722578048706055
503,4,history_ridge,,496,497,496,0,432,0.04634380340576172
503,4,current_reference,current_rff_mlp,496,31874,31808,41904,0,0.0
503,5,current_mlp,,388,24962,24896,0,0,2.3864850997924805
503,5,current_rff_mlp,,532,34178,34112,55872,0,2.8983969688415527
503,5,history_mlp,,532,34178,34112,0,576,2.8797991275787354
503,5,shuffled_mlp,,532,34178,34112,0,576,2.8330280780792236
503,5,mismatched_mlp,,532,34178,34112,0,576,2.8512697219848633
503,5,current_ridge,,388,389,388,0,0,0.028144121170043945
503,5,current_rff_ridge,,532,533,532,55872,0,0.05200481414794922
503,5,history_ridge,,532,533,532,0,576,0.051293373107910156
503,5,current_reference,current_rff_mlp,532,34178,34112,55872,0,0.0
607,2,current_mlp,,388,24962,24896,0,0,2.354623556137085
607,2,current_rff_mlp,,424,27266,27200,13968,0,2.4942305088043213
607,2,history_mlp,,424,27266,27200,0,144,2.719853639602661
607,2,shuffled_mlp,history_mlp,424,27266,27200,0,144,0.0
607,2,mismatched_mlp,,424,27266,27200,0,144,2.613461971282959
607,2,current_ridge,,388,389,388,0,0,0.028218507766723633
607,2,current_rff_ridge,,424,425,424,13968,0,0.03304791450500488
607,2,history_ridge,,424,425,424,0,144,0.03271937370300293
607,2,current_reference,current_rff_mlp,424,27266,27200,13968,0,0.0
607,3,current_mlp,,388,24962,24896,0,0,2.498603582382202
607,3,current_rff_mlp,,460,29570,29504,27936,0,2.6672122478485107
607,3,history_mlp,,460,29570,29504,0,288,2.6487414836883545
607,3,shuffled_mlp,,460,29570,29504,0,288,2.770251512527466
607,3,mismatched_mlp,,460,29570,29504,0,288,2.6942412853240967
607,3,current_ridge,,388,389,388,0,0,0.02812504768371582
607,3,current_rff_ridge,,460,461,460,27936,0,0.03929471969604492
607,3,history_ridge,,460,461,460,0,288,0.03868603706359863
607,3,current_reference,current_rff_mlp,460,29570,29504,27936,0,0.0
607,4,current_mlp,,388,24962,24896,0,0,2.4390692710876465
607,4,current_rff_mlp,,496,31874,31808,41904,0,2.8354194164276123
607,4,history_mlp,,496,31874,31808,0,432,2.9377195835113525
607,4,shuffled_mlp,,496,31874,31808,0,432,2.835719585418701
607,4,mismatched_mlp,,496,31874,31808,0,432,2.7820255756378174
607,4,current_ridge,,388,389,388,0,0,0.02808976173400879
607,4,current_rff_ridge,,496,497,496,41904,0,0.04631447792053223
607,4,history_ridge,,496,497,496,0,432,0.04544878005981445
607,4,current_reference,current_mlp,388,24962,24896,0,0,0.0
607,5,current_mlp,,388,24962,24896,0,0,2.3844642639160156
607,5,current_rff_mlp,,532,34178,34112,55872,0,2.9943060874938965
607,5,history_mlp,,532,34178,34112,0,576,2.8240485191345215
607,5,shuffled_mlp,,532,34178,34112,0,576,2.7930185794830322
607,5,mismatched_mlp,,532,34178,34112,0,576,2.8250179290771484
607,5,current_ridge,,388,389,388,0,0,0.027276277542114258
607,5,current_rff_ridge,,532,533,532,55872,0,0.05254077911376953
607,5,history_ridge,,532,533,532,0,576,0.051987409591674805
607,5,current_reference,current_mlp,388,24962,24896,0,0,0.0
709,2,current_mlp,,388,24962,24896,0,0,2.4401333332061768
709,2,current_rff_mlp,,424,27266,27200,13968,0,2.645955801010132
709,2,history_mlp,,424,27266,27200,0,144,2.5720620155334473
709,2,shuffled_mlp,history_mlp,424,27266,27200,0,144,0.0
709,2,mismatched_mlp,,424,27266,27200,0,144,2.439497232437134
709,2,current_ridge,,388,389,388,0,0,0.027567386627197266
709,2,current_rff_ridge,,424,425,424,13968,0,0.03396296501159668
709,2,history_ridge,,424,425,424,0,144,0.03232097625732422
709,2,current_reference,current_mlp,388,24962,24896,0,0,0.0
709,3,current_mlp,,388,24962,24896,0,0,2.360640525817871
709,3,current_rff_mlp,,460,29570,29504,27936,0,2.6873433589935303
709,3,history_mlp,,460,29570,29504,0,288,2.658235549926758
709,3,shuffled_mlp,,460,29570,29504,0,288,2.6436049938201904
709,3,mismatched_mlp,,460,29570,29504,0,288,2.700441837310791
709,3,current_ridge,,388,389,388,0,0,0.028078556060791016
709,3,current_rff_ridge,,460,461,460,27936,0,0.038649797439575195
709,3,history_ridge,,460,461,460,0,288,0.0382232666015625
709,3,current_reference,current_mlp,388,24962,24896,0,0,0.0
709,4,current_mlp,,388,24962,24896,0,0,2.528024673461914
709,4,current_rff_mlp,,496,31874,31808,41904,0,2.8610126972198486
709,4,history_mlp,,496,31874,31808,0,432,2.9634921550750732
709,4,shuffled_mlp,,496,31874,31808,0,432,2.7887279987335205
709,4,mismatched_mlp,,496,31874,31808,0,432,2.7374107837677
709,4,current_ridge,,388,389,388,0,0,0.02767014503479004
709,4,current_rff_ridge,,496,497,496,41904,0,0.044919490814208984
709,4,history_ridge,,496,497,496,0,432,0.04456377029418945
709,4,current_reference,current_mlp,388,24962,24896,0,0,0.0
709,5,current_mlp,,388,24962,24896,0,0,2.3523507118225098
709,5,current_rff_mlp,,532,34178,34112,55872,0,2.8540408611297607
709,5,history_mlp,,532,34178,34112,0,576,2.8421831130981445
709,5,shuffled_mlp,,532,34178,34112,0,576,2.9065945148468018
709,5,mismatched_mlp,,532,34178,34112,0,576,2.872371196746826
709,5,current_ridge,,388,389,388,0,0,0.028239727020263672
709,5,current_rff_ridge,,532,533,532,55872,0,0.05316305160522461
709,5,history_ridge,,532,533,532,0,576,0.05272507667541504
709,5,current_reference,current_mlp,388,24962,24896,0,0,0.0
811,2,current_mlp,,388,24962,24896,0,0,2.418898105621338
811,2,current_rff_mlp,,424,27266,27200,13968,0,2.5403892993927
811,2,history_mlp,,424,27266,27200,0,144,2.4937121868133545
811,2,shuffled_mlp,history_mlp,424,27266,27200,0,144,0.0
811,2,mismatched_mlp,,424,27266,27200,0,144,2.532456874847412
811,2,current_ridge,,388,389,388,0,0,0.030668258666992188
811,2,current_rff_ridge,,424,425,424,13968,0,0.03346967697143555
811,2,history_ridge,,424,425,424,0,144,0.03250598907470703
811,2,current_reference,current_mlp,388,24962,24896,0,0,0.0
811,3,current_mlp,,388,24962,24896,0,0,2.3967244625091553
811,3,current_rff_mlp,,460,29570,29504,27936,0,2.8080244064331055
811,3,history_mlp,,460,29570,29504,0,288,2.8168814182281494
811,3,shuffled_mlp,,460,29570,29504,0,288,2.774106502532959
811,3,mismatched_mlp,,460,29570,29504,0,288,2.7266769409179688
811,3,current_ridge,,388,389,388,0,0,0.03187417984008789
811,3,current_rff_ridge,,460,461,460,27936,0,0.04059553146362305
811,3,history_ridge,,460,461,460,0,288,0.03941798210144043
811,3,current_reference,current_mlp,388,24962,24896,0,0,0.0
811,4,current_mlp,,388,24962,24896,0,0,2.4471888542175293
811,4,current_rff_mlp,,496,31874,31808,41904,0,2.8135173320770264
811,4,history_mlp,,496,31874,31808,0,432,2.7673492431640625
811,4,shuffled_mlp,,496,31874,31808,0,432,2.8567652702331543
811,4,mismatched_mlp,,496,31874,31808,0,432,2.82997989654541
811,4,current_ridge,,388,389,388,0,0,0.028221607208251953
811,4,current_rff_ridge,,496,497,496,41904,0,0.04642200469970703
811,4,history_ridge,,496,497,496,0,432,0.04493880271911621
811,4,current_reference,current_mlp,388,24962,24896,0,0,0.0
811,5,current_mlp,,388,24962,24896,0,0,2.4755733013153076
811,5,current_rff_mlp,,532,34178,34112,55872,0,2.9517128467559814
811,5,history_mlp,,532,34178,34112,0,576,2.97884202003479
811,5,shuffled_mlp,,532,34178,34112,0,576,2.9253041744232178
811,5,mismatched_mlp,,532,34178,34112,0,576,2.8395328521728516
811,5,current_ridge,,388,389,388,0,0,0.02788567543029785
811,5,current_rff_ridge,,532,533,532,55872,0,0.05312752723693848
811,5,history_ridge,,532,533,532,0,576,0.051698923110961914
811,5,current_reference,current_mlp,388,24962,24896,0,0,0.0
907,2,current_mlp,,388,24962,24896,0,0,2.559293746948242
907,2,current_rff_mlp,,424,27266,27200,13968,0,2.6115901470184326
907,2,history_mlp,,424,27266,27200,0,144,2.643127918243408
907,2,shuffled_mlp,history_mlp,424,27266,27200,0,144,0.0
907,2,mismatched_mlp,,424,27266,27200,0,144,2.5808451175689697
907,2,current_ridge,,388,389,388,0,0,0.02741241455078125
907,2,current_rff_ridge,,424,425,424,13968,0,0.03258514404296875
907,2,history_ridge,,424,425,424,0,144,0.033977508544921875
907,2,current_reference,current_mlp,388,24962,24896,0,0,0.0
907,3,current_mlp,,388,24962,24896,0,0,2.404123067855835
907,3,current_rff_mlp,,460,29570,29504,27936,0,2.6269941329956055
907,3,history_mlp,,460,29570,29504,0,288,2.72169828414917
907,3,shuffled_mlp,,460,29570,29504,0,288,2.776047468185425
907,3,mismatched_mlp,,460,29570,29504,0,288,2.6998143196105957
907,3,current_ridge,,388,389,388,0,0,0.028684377670288086
907,3,current_rff_ridge,,460,461,460,27936,0,0.04096698760986328
907,3,history_ridge,,460,461,460,0,288,0.03979849815368652
907,3,current_reference,current_mlp,388,24962,24896,0,0,0.0
907,4,current_mlp,,388,24962,24896,0,0,2.4377548694610596
907,4,current_rff_mlp,,496,31874,31808,41904,0,2.878802537918091
907,4,history_mlp,,496,31874,31808,0,432,2.8589394092559814
907,4,shuffled_mlp,,496,31874,31808,0,432,2.98764967918396
907,4,mismatched_mlp,,496,31874,31808,0,432,2.8914794921875
907,4,current_ridge,,388,389,388,0,0,0.029386043548583984
907,4,current_rff_ridge,,496,497,496,41904,0,0.04868006706237793
907,4,history_ridge,,496,497,496,0,432,0.04644513130187988
907,4,current_reference,current_rff_mlp,496,31874,31808,41904,0,0.0
907,5,current_mlp,,388,24962,24896,0,0,2.4184305667877197
907,5,current_rff_mlp,,532,34178,34112,55872,0,2.981426954269409
907,5,history_mlp,,532,34178,34112,0,576,2.976485013961792
907,5,shuffled_mlp,,532,34178,34112,0,576,2.8566818237304688
907,5,mismatched_mlp,,532,34178,34112,0,576,2.8240034580230713
907,5,current_ridge,,388,389,388,0,0,0.028040647506713867
907,5,current_rff_ridge,,532,533,532,55872,0,0.05388307571411133
907,5,history_ridge,,532,533,532,0,576,0.05357503890991211
907,5,current_reference,current_mlp,388,24962,24896,0,0,0.0
1009,2,current_mlp,,388,24962,24896,0,0,2.3962457180023193
1009,2,current_rff_mlp,,424,27266,27200,13968,0,2.600555896759033
1009,2,history_mlp,,424,27266,27200,0,144,2.5782887935638428
1009,2,shuffled_mlp,history_mlp,424,27266,27200,0,144,0.0
1009,2,mismatched_mlp,,424,27266,27200,0,144,2.577744245529175
1009,2,current_ridge,,388,389,388,0,0,0.029035091400146484
1009,2,current_rff_ridge,,424,425,424,13968,0,0.03312349319458008
1009,2,history_ridge,,424,425,424,0,144,0.03275728225708008
1009,2,current_reference,current_mlp,388,24962,24896,0,0,0.0
1009,3,current_mlp,,388,24962,24896,0,0,2.406094789505005
1009,3,current_rff_mlp,,460,29570,29504,27936,0,2.6428027153015137
1009,3,history_mlp,,460,29570,29504,0,288,2.7334511280059814
1009,3,shuffled_mlp,,460,29570,29504,0,288,2.7422478199005127
1009,3,mismatched_mlp,,460,29570,29504,0,288,2.6635239124298096
1009,3,current_ridge,,388,389,388,0,0,0.028079509735107422
1009,3,current_rff_ridge,,460,461,460,27936,0,0.03885388374328613
1009,3,history_ridge,,460,461,460,0,288,0.0386507511138916
1009,3,current_reference,current_rff_mlp,460,29570,29504,27936,0,0.0
1009,4,current_mlp,,388,24962,24896,0,0,2.3891429901123047
1009,4,current_rff_mlp,,496,31874,31808,41904,0,2.7533817291259766
1009,4,history_mlp,,496,31874,31808,0,432,2.798769474029541
1009,4,shuffled_mlp,,496,31874,31808,0,432,2.914105176925659
1009,4,mismatched_mlp,,496,31874,31808,0,432,2.8858871459960938
1009,4,current_ridge,,388,389,388,0,0,0.02988123893737793
1009,4,current_rff_ridge,,496,497,496,41904,0,0.04673624038696289
1009,4,history_ridge,,496,497,496,0,432,0.04612469673156738
1009,4,current_reference,current_mlp,388,24962,24896,0,0,0.0
1009,5,current_mlp,,388,24962,24896,0,0,2.4525067806243896
1009,5,current_rff_mlp,,532,34178,34112,55872,0,2.9239282608032227
1009,5,history_mlp,,532,34178,34112,0,576,2.8726110458374023
1009,5,shuffled_mlp,,532,34178,34112,0,576,2.89485764503479
1009,5,mismatched_mlp,,532,34178,34112,0,576,2.9318716526031494
1009,5,current_ridge,,388,389,388,0,0,0.029314279556274414
1009,5,current_rff_ridge,,532,533,532,55872,0,0.05306267738342285
1009,5,history_ridge,,532,533,532,0,576,0.05268549919128418
1009,5,current_reference,current_mlp,388,24962,24896,0,0,0.0
