version,seed,suite,sample_offset,causal_offset,suite_is_alias,evaluation_phase,step,samples,current_accuracy,final_accuracy,future_flip_rate,mean_current_nll,mean_final_nll,mean_remaining_nll_reduction,std_remaining_nll_reduction,median_remaining_nll_reduction,iqr_remaining_nll_reduction,positive_value_fraction,negative_value_fraction
U7B,503,original_U7B,37,43,False,matched_audit,1,4000,0.50775,0.9925,0.49225,1.1510298252105713,0.02436866983771324,1.1266611814498901,1.4202253818511963,0.6683869361877441,1.2632099390029907,0.9465,0.00725
U7B,503,original_U7B,37,43,False,matched_audit,2,4000,0.69575,0.9925,0.30525,0.7985390424728394,0.02436866983771324,0.7741703987121582,1.33354914188385,0.16047878563404083,0.9911988377571106,0.7835,0.00775
U7B,503,original_U7B,37,43,False,matched_audit,3,4000,0.94625,0.9925,0.05375,0.1466142237186432,0.02436866983771324,0.12224554270505905,0.5620939135551453,0.003073073225095868,0.029032539576292038,0.36725,0.00975
U7B,503,original_U7B,37,43,False,matched_audit,4,4000,0.989,0.9925,0.009,0.032199107110500336,0.02436866983771324,0.007830439135432243,0.23318277299404144,0.00017001233936753124,0.0011406601406633854,0.08925,0.01025
U7B,503,original_U7B,37,43,False,matched_audit,5,4000,0.9935,0.9925,0.0015,0.021010341122746468,0.02436866983771324,-0.0033583284821361303,0.10583487898111343,2.4200275220209733e-05,0.00012179245095467195,0.023,0.00925
U7C,503,original_U7B,37,43,False,matched_audit,1,4000,0.5105,0.992,0.49,0.8754631280899048,0.02977256290614605,0.8456905484199524,0.8887826800346375,0.6760116815567017,0.6524406671524048,0.97775,0.0115
U7C,503,original_U7B,37,43,False,matched_audit,2,4000,0.768,0.992,0.23,0.5059227347373962,0.02977256290614605,0.4761502146720886,0.8850862979888916,0.10751919448375702,0.5633642077445984,0.83625,0.00875
U7C,503,original_U7B,37,43,False,matched_audit,3,4000,0.94325,0.992,0.05225,0.14436352252960205,0.02977256290614605,0.11459095776081085,0.49953141808509827,0.0024705147370696068,0.0272575244307518,0.34,0.008
U7C,503,original_U7B,37,43,False,matched_audit,4,4000,0.98375,0.992,0.01125,0.045898277312517166,0.02977256290614605,0.016125716269016266,0.22231586277484894,0.0001570699387229979,0.0013853326672688127,0.1195,0.00975
U7C,503,original_U7B,37,43,False,matched_audit,5,4000,0.9915,0.992,0.0025,0.03030395694077015,0.02977256290614605,0.0005313916481100023,0.0958636924624443,2.187665450037457e-05,0.00014761266356799752,0.03975,0.01
U7B,503,original_U7C,37,43,True,matched_audit,1,4000,0.50775,0.9925,0.49225,1.1510298252105713,0.02436866983771324,1.1266611814498901,1.4202253818511963,0.6683869361877441,1.2632099390029907,0.9465,0.00725
U7B,503,original_U7C,37,43,True,matched_audit,2,4000,0.69575,0.9925,0.30525,0.7985390424728394,0.02436866983771324,0.7741703987121582,1.33354914188385,0.16047878563404083,0.9911988377571106,0.7835,0.00775
U7B,503,original_U7C,37,43,True,matched_audit,3,4000,0.94625,0.9925,0.05375,0.1466142237186432,0.02436866983771324,0.12224554270505905,0.5620939135551453,0.003073073225095868,0.029032539576292038,0.36725,0.00975
U7B,503,original_U7C,37,43,True,matched_audit,4,4000,0.989,0.9925,0.009,0.032199107110500336,0.02436866983771324,0.007830439135432243,0.23318277299404144,0.00017001233936753124,0.0011406601406633854,0.08925,0.01025
U7B,503,original_U7C,37,43,True,matched_audit,5,4000,0.9935,0.9925,0.0015,0.021010341122746468,0.02436866983771324,-0.0033583284821361303,0.10583487898111343,2.4200275220209733e-05,0.00012179245095467195,0.023,0.00925
U7C,503,original_U7C,37,43,True,matched_audit,1,4000,0.5105,0.992,0.49,0.8754631280899048,0.02977256290614605,0.8456905484199524,0.8887826800346375,0.6760116815567017,0.6524406671524048,0.97775,0.0115
U7C,503,original_U7C,37,43,True,matched_audit,2,4000,0.768,0.992,0.23,0.5059227347373962,0.02977256290614605,0.4761502146720886,0.8850862979888916,0.10751919448375702,0.5633642077445984,0.83625,0.00875
U7C,503,original_U7C,37,43,True,matched_audit,3,4000,0.94325,0.992,0.05225,0.14436352252960205,0.02977256290614605,0.11459095776081085,0.49953141808509827,0.0024705147370696068,0.0272575244307518,0.34,0.008
U7C,503,original_U7C,37,43,True,matched_audit,4,4000,0.98375,0.992,0.01125,0.045898277312517166,0.02977256290614605,0.016125716269016266,0.22231586277484894,0.0001570699387229979,0.0013853326672688127,0.1195,0.00975
U7C,503,original_U7C,37,43,True,matched_audit,5,4000,0.9915,0.992,0.0025,0.03030395694077015,0.02977256290614605,0.0005313916481100023,0.0958636924624443,2.187665450037457e-05,0.00014761266356799752,0.03975,0.01
U7B,607,original_U7B,37,43,False,matched_audit,1,4000,0.512,1.0,0.488,1.1893045902252197,6.354874494718388e-05,1.1892409324645996,1.2669011354446411,0.648707389831543,1.9513980150222778,0.991,0.0
U7B,607,original_U7B,37,43,False,matched_audit,2,4000,0.687,1.0,0.313,0.9133052825927734,6.354874494718388e-05,0.9132418036460876,1.4706525802612305,0.051580097526311874,1.3432657718658447,0.66075,0.0
U7B,607,original_U7B,37,43,False,matched_audit,3,4000,0.967,1.0,0.033,0.07623109221458435,6.354874494718388e-05,0.07616754621267319,0.3264008164405823,0.0006651893490925431,0.007221193518489599,0.2235,0.0
U7B,607,original_U7B,37,43,False,matched_audit,4,4000,1.0,1.0,0.0,0.002299015410244465,6.354874494718388e-05,0.0022354666143655777,0.02258169651031494,6.282738468144089e-05,0.00021796851069666445,0.0255,0.0
U7B,607,original_U7B,37,43,False,matched_audit,5,4000,1.0,1.0,0.0,0.00015308042929973453,6.354874494718388e-05,8.953169162850827e-05,0.0007739212014712393,1.204065847559832e-05,2.7450596462585963e-05,0.00075,0.0
U7C,607,original_U7B,37,43,False,matched_audit,1,4000,0.4955,0.9975,0.5055,0.7977920770645142,0.014549129642546177,0.78324294090271,0.601452112197876,0.7046462297439575,0.6678513884544373,0.99525,0.003
U7C,607,original_U7B,37,43,False,matched_audit,2,4000,0.94575,0.9975,0.05225,0.14704999327659607,0.014549129642546177,0.13250085711479187,0.47477686405181885,0.01175500825047493,0.05597015470266342,0.52475,0.00325
U7C,607,original_U7B,37,43,False,matched_audit,3,4000,0.99025,0.9975,0.00775,0.031573012471199036,0.014549129642546177,0.017023883759975433,0.2061208039522171,0.00032679576543159783,0.0008955926168709993,0.06825,0.004
U7C,607,original_U7B,37,43,False,matched_audit,4,4000,0.996,0.9975,0.002,0.016095565631985664,0.014549129642546177,0.001546436338685453,0.09001941978931427,5.6332173699047416e-05,0.0001004784062388353,0.01725,0.00425
U7C,607,original_U7B,37,43,False,matched_audit,5,4000,0.99775,0.9975,0.00025,0.01425545010715723,0.014549129642546177,-0.0002936786331702024,0.03915628418326378,1.2994481949135661e-05,2.1578624000540003e-05,0.004,0.004
U7B,607,original_U7C,37,43,True,matched_audit,1,4000,0.512,1.0,0.488,1.1893045902252197,6.354874494718388e-05,1.1892409324645996,1.2669011354446411,0.648707389831543,1.9513980150222778,0.991,0.0
U7B,607,original_U7C,37,43,True,matched_audit,2,4000,0.687,1.0,0.313,0.9133052825927734,6.354874494718388e-05,0.9132418036460876,1.4706525802612305,0.051580097526311874,1.3432657718658447,0.66075,0.0
U7B,607,original_U7C,37,43,True,matched_audit,3,4000,0.967,1.0,0.033,0.07623109221458435,6.354874494718388e-05,0.07616754621267319,0.3264008164405823,0.0006651893490925431,0.007221193518489599,0.2235,0.0
U7B,607,original_U7C,37,43,True,matched_audit,4,4000,1.0,1.0,0.0,0.002299015410244465,6.354874494718388e-05,0.0022354666143655777,0.02258169651031494,6.282738468144089e-05,0.00021796851069666445,0.0255,0.0
U7B,607,original_U7C,37,43,True,matched_audit,5,4000,1.0,1.0,0.0,0.00015308042929973453,6.354874494718388e-05,8.953169162850827e-05,0.0007739212014712393,1.204065847559832e-05,2.7450596462585963e-05,0.00075,0.0
U7C,607,original_U7C,37,43,True,matched_audit,1,4000,0.4955,0.9975,0.5055,0.7977920770645142,0.014549129642546177,0.78324294090271,0.601452112197876,0.7046462297439575,0.6678513884544373,0.99525,0.003
U7C,607,original_U7C,37,43,True,matched_audit,2,4000,0.94575,0.9975,0.05225,0.14704999327659607,0.014549129642546177,0.13250085711479187,0.47477686405181885,0.01175500825047493,0.05597015470266342,0.52475,0.00325
U7C,607,original_U7C,37,43,True,matched_audit,3,4000,0.99025,0.9975,0.00775,0.031573012471199036,0.014549129642546177,0.017023883759975433,0.2061208039522171,0.00032679576543159783,0.0008955926168709993,0.06825,0.004
U7C,607,original_U7C,37,43,True,matched_audit,4,4000,0.996,0.9975,0.002,0.016095565631985664,0.014549129642546177,0.001546436338685453,0.09001941978931427,5.6332173699047416e-05,0.0001004784062388353,0.01725,0.00425
U7C,607,original_U7C,37,43,True,matched_audit,5,4000,0.99775,0.9975,0.00025,0.01425545010715723,0.014549129642546177,-0.0002936786331702024,0.03915628418326378,1.2994481949135661e-05,2.1578624000540003e-05,0.004,0.004
U7B,709,original_U7B,37,43,False,matched_audit,1,4000,0.50575,0.998,0.49525,1.1651309728622437,0.006775899790227413,1.1583551168441772,1.3655234575271606,0.6711530685424805,1.5748003721237183,0.935,0.00325
U7B,709,original_U7B,37,43,False,matched_audit,2,4000,0.7845,0.998,0.2145,0.6394345760345459,0.006775899790227413,0.6326585412025452,1.360154628753662,0.041215911507606506,0.4827910363674164,0.643,0.00275
U7B,709,original_U7B,37,43,False,matched_audit,3,4000,0.9535,0.998,0.0455,0.15475022792816162,0.006775899790227413,0.14797434210777283,0.7077164649963379,0.0007480867207050323,0.007871701382100582,0.2345,0.0035
U7B,709,original_U7B,37,43,False,matched_audit,4,4000,0.9915,0.998,0.0075,0.021107211709022522,0.006775899790227413,0.014331314712762833,0.1747932732105255,6.622755608987063e-05,0.00028019389719702303,0.05,0.00375
U7B,709,original_U7B,37,43,False,matched_audit,5,4000,0.998,0.998,0.001,0.0069520799443125725,0.006775899790227413,0.0001761806197464466,0.04656606167554855,1.114650149247609e-05,3.448325878707692e-05,0.011,0.00325
U7C,709,original_U7B,37,43,False,matched_audit,1,4000,0.536,1.0,0.464,0.8147479295730591,0.00012088847142877057,0.8146270513534546,0.7548297643661499,0.6515395641326904,0.6628316640853882,0.9775,0.0
U7C,709,original_U7B,37,43,False,matched_audit,2,4000,0.924,1.0,0.076,0.21392174065113068,0.00012088847142877057,0.213800847530365,0.5874452590942383,0.026841681450605392,0.13410751521587372,0.6535,0.0
U7C,709,original_U7B,37,43,False,matched_audit,3,4000,0.99325,1.0,0.00675,0.02310994639992714,0.00012088847142877057,0.0229890588670969,0.2058078944683075,0.0004975812043994665,0.002146106446161866,0.12225,0.00025
U7C,709,original_U7B,37,43,False,matched_audit,4,4000,0.99925,1.0,0.00075,0.00245364336296916,0.00012088847142877057,0.002332754898816347,0.04686388373374939,5.340861389413476e-05,0.00015731839812360704,0.013,0.00025
U7C,709,original_U7B,37,43,False,matched_audit,5,4000,1.0,1.0,0.0,0.0003722221008501947,0.00012088847142877057,0.0002513336075935513,0.007375010289251804,1.037162473949138e-05,2.897073864005506e-05,0.002,0.00025
U7B,709,original_U7C,37,43,True,matched_audit,1,4000,0.50575,0.998,0.49525,1.1651309728622437,0.006775899790227413,1.1583551168441772,1.3655234575271606,0.6711530685424805,1.5748003721237183,0.935,0.00325
U7B,709,original_U7C,37,43,True,matched_audit,2,4000,0.7845,0.998,0.2145,0.6394345760345459,0.006775899790227413,0.6326585412025452,1.360154628753662,0.041215911507606506,0.4827910363674164,0.643,0.00275
U7B,709,original_U7C,37,43,True,matched_audit,3,4000,0.9535,0.998,0.0455,0.15475022792816162,0.006775899790227413,0.14797434210777283,0.7077164649963379,0.0007480867207050323,0.007871701382100582,0.2345,0.0035
U7B,709,original_U7C,37,43,True,matched_audit,4,4000,0.9915,0.998,0.0075,0.021107211709022522,0.006775899790227413,0.014331314712762833,0.1747932732105255,6.622755608987063e-05,0.00028019389719702303,0.05,0.00375
U7B,709,original_U7C,37,43,True,matched_audit,5,4000,0.998,0.998,0.001,0.0069520799443125725,0.006775899790227413,0.0001761806197464466,0.04656606167554855,1.114650149247609e-05,3.448325878707692e-05,0.011,0.00325
U7C,709,original_U7C,37,43,True,matched_audit,1,4000,0.536,1.0,0.464,0.8147479295730591,0.00012088847142877057,0.8146270513534546,0.7548297643661499,0.6515395641326904,0.6628316640853882,0.9775,0.0
U7C,709,original_U7C,37,43,True,matched_audit,2,4000,0.924,1.0,0.076,0.21392174065113068,0.00012088847142877057,0.213800847530365,0.5874452590942383,0.026841681450605392,0.13410751521587372,0.6535,0.0
U7C,709,original_U7C,37,43,True,matched_audit,3,4000,0.99325,1.0,0.00675,0.02310994639992714,0.00012088847142877057,0.0229890588670969,0.2058078944683075,0.0004975812043994665,0.002146106446161866,0.12225,0.00025
U7C,709,original_U7C,37,43,True,matched_audit,4,4000,0.99925,1.0,0.00075,0.00245364336296916,0.00012088847142877057,0.002332754898816347,0.04686388373374939,5.340861389413476e-05,0.00015731839812360704,0.013,0.00025
U7C,709,original_U7C,37,43,True,matched_audit,5,4000,1.0,1.0,0.0,0.0003722221008501947,0.00012088847142877057,0.0002513336075935513,0.007375010289251804,1.037162473949138e-05,2.897073864005506e-05,0.002,0.00025
U7B,811,original_U7B,83,89,False,matched_audit,1,4000,0.52975,0.71225,0.4865,1.00126051902771,0.5239555835723877,0.47730493545532227,1.1387929916381836,0.22553256154060364,1.1391704082489014,0.59525,0.375
U7B,811,original_U7B,83,89,False,matched_audit,2,4000,0.61,0.71225,0.29775,0.7550197839736938,0.5239555835723877,0.23106423020362854,0.7337590456008911,0.11608920991420746,0.8071380257606506,0.60375,0.36825
U7B,811,original_U7B,83,89,False,matched_audit,3,4000,0.641,0.71225,0.24625,0.6666165590286255,0.5239555835723877,0.1426609754562378,0.5771262645721436,0.028375867754220963,0.5951218008995056,0.55325,0.3795
U7B,811,original_U7B,83,89,False,matched_audit,4,4000,0.683,0.71225,0.15625,0.5755046010017395,0.5239555835723877,0.05154901742935181,0.3410862982273102,0.007156909443438053,0.30086788535118103,0.481,0.38125
U7B,811,original_U7B,83,89,False,matched_audit,5,4000,0.70375,0.71225,0.059,0.533553957939148,0.5239555835723877,0.00959837343543768,0.14499105513095856,0.0014835951151326299,0.11049561947584152,0.40875,0.36525
U7C,811,original_U7B,83,89,False,matched_audit,1,4000,0.531,0.70675,0.47525,0.8901767730712891,0.5244848728179932,0.3656919598579407,0.9601718187332153,0.18216706812381744,0.9967969059944153,0.5965,0.3805
U7C,811,original_U7B,83,89,False,matched_audit,2,4000,0.60425,0.70675,0.304,0.706682026386261,0.5244848728179932,0.1821971833705902,0.6202883720397949,0.10780731588602066,0.660050630569458,0.60775,0.3665
U7C,811,original_U7B,83,89,False,matched_audit,3,4000,0.64675,0.70675,0.2335,0.6317025423049927,0.5244848728179932,0.1072176992893219,0.48971468210220337,0.03446895629167557,0.4436865448951721,0.5695,0.37
U7C,811,original_U7B,83,89,False,matched_audit,4,4000,0.683,0.70675,0.15225,0.5611692070960999,0.5244848728179932,0.03668433427810669,0.315536767244339,0.01154308207333088,0.21519286930561066,0.506,0.36775
U7C,811,original_U7B,83,89,False,matched_audit,5,4000,0.69625,0.70675,0.0605,0.5292330384254456,0.5244848728179932,0.004748228937387466,0.1409720927476883,0.0025182627141475677,0.07946696877479553,0.4095,0.34725
U7B,811,original_U7C,37,43,False,matched_audit,1,4000,0.5295,0.704,0.498,1.0214359760284424,0.5392863750457764,0.4821496307849884,1.2122552394866943,0.20921733975410461,1.1715633869171143,0.59275,0.38425
U7B,811,original_U7C,37,43,False,matched_audit,2,4000,0.59775,0.704,0.31925,0.7805067896842957,0.5392863750457764,0.24122047424316406,0.7722634077072144,0.12889665365219116,0.86784827709198,0.61,0.36925
U7B,811,original_U7C,37,43,False,matched_audit,3,4000,0.628,0.704,0.267,0.6879522800445557,0.5392863750457764,0.14866597950458527,0.59033203125,0.04188290983438492,0.6416566371917725,0.5715,0.375
U7B,811,original_U7C,37,43,False,matched_audit,4,4000,0.674,0.704,0.162,0.5899521708488464,0.5392863750457764,0.05066581070423126,0.35217592120170593,0.010534343309700489,0.3159968852996826,0.502,0.38
U7B,811,original_U7C,37,43,False,matched_audit,5,4000,0.70275,0.704,0.05825,0.5470884442329407,0.5392863750457764,0.007802128791809082,0.15155982971191406,0.0020559323020279408,0.11805068701505661,0.4145,0.369
U7C,811,original_U7C,37,43,False,matched_audit,1,4000,0.54,0.7,0.4885,0.9044703841209412,0.5253515839576721,0.37911882996559143,0.9591882824897766,0.1757049262523651,1.0241222381591797,0.59625,0.38625
U7C,811,original_U7C,37,43,False,matched_audit,2,4000,0.5865,0.7,0.3185,0.7278215289115906,0.5253515839576721,0.20246994495391846,0.6234152317047119,0.11674956977367401,0.6834580898284912,0.61625,0.36225
U7C,811,original_U7C,37,43,False,matched_audit,3,4000,0.63525,0.7,0.23475,0.6448493003845215,0.5253515839576721,0.11949769407510757,0.4918982684612274,0.04111325368285179,0.46834269165992737,0.5745,0.372
U7C,811,original_U7C,37,43,False,matched_audit,4,4000,0.6735,0.7,0.1485,0.5665262341499329,0.5253515839576721,0.04117466136813164,0.3099828064441681,0.010948882438242435,0.22500592470169067,0.50325,0.37175
U7C,811,original_U7C,37,43,False,matched_audit,5,4000,0.696,0.7,0.0585,0.5311755537986755,0.5253515839576721,0.00582394702360034,0.13528528809547424,0.002367109525948763,0.08356006443500519,0.415,0.35625
U7B,907,original_U7B,83,89,False,matched_audit,1,4000,0.5265,0.729,0.4615,0.8748432397842407,0.5046931505203247,0.370150089263916,0.8775448799133301,0.21382388472557068,1.06878662109375,0.655,0.3345
U7B,907,original_U7B,83,89,False,matched_audit,2,4000,0.58425,0.729,0.40625,0.7499796152114868,0.5046931505203247,0.2452864944934845,0.7431849837303162,0.1435311734676361,0.7170935869216919,0.62675,0.34675
U7B,907,original_U7B,83,89,False,matched_audit,3,4000,0.64625,0.729,0.29125,0.6516579389572144,0.5046931505203247,0.1469648778438568,0.6175469160079956,0.03982666879892349,0.5277891159057617,0.5705,0.3665
U7B,907,original_U7B,83,89,False,matched_audit,4,4000,0.684,0.729,0.186,0.5657755136489868,0.5046931505203247,0.06108235940337181,0.40760064125061035,0.006265264470130205,0.3205413818359375,0.4755,0.39025
U7B,907,original_U7B,83,89,False,matched_audit,5,4000,0.72425,0.729,0.07425,0.5170687437057495,0.5046931505203247,0.012375607155263424,0.18473832309246063,0.0007853296119719744,0.12824319303035736,0.411,0.38775
U7C,907,original_U7B,83,89,False,matched_audit,1,4000,0.52125,0.7365,0.47275,0.8678336143493652,0.4911405146121979,0.3766931891441345,0.8438615202903748,0.26383569836616516,1.0748531818389893,0.6425,0.342
U7C,907,original_U7B,83,89,False,matched_audit,2,4000,0.583,0.7365,0.4045,0.7155776023864746,0.4911405146121979,0.22443708777427673,0.6879720091819763,0.17003430426120758,0.7519635558128357,0.6495,0.33375
U7C,907,original_U7B,83,89,False,matched_audit,3,4000,0.66125,0.7365,0.28675,0.5995754599571228,0.4911405146121979,0.10843495279550552,0.5491656064987183,0.04516620934009552,0.4678862690925598,0.58525,0.35275
U7C,907,original_U7B,83,89,False,matched_audit,4,4000,0.712,0.7365,0.1635,0.5261483192443848,0.4911405146121979,0.03500785306096077,0.3374122679233551,0.007523030042648315,0.2596203684806824,0.48625,0.36725
U7C,907,original_U7B,83,89,False,matched_audit,5,4000,0.73,0.7365,0.064,0.4937102198600769,0.4911405146121979,0.0025697373785078526,0.1465548276901245,0.0010583660332486033,0.10410235822200775,0.40875,0.3655
U7B,907,original_U7C,37,43,False,matched_audit,1,4000,0.5265,0.7415,0.4355,0.8709415197372437,0.5048514604568481,0.3660900592803955,0.844523549079895,0.2100963592529297,1.0058257579803467,0.65775,0.32975
U7B,907,original_U7C,37,43,False,matched_audit,2,4000,0.579,0.7415,0.384,0.7605670094490051,0.5048514604568481,0.255715548992157,0.7318224906921387,0.13825830817222595,0.6901757121086121,0.633,0.343
U7B,907,original_U7C,37,43,False,matched_audit,3,4000,0.64175,0.7415,0.29125,0.6614257097244263,0.5048514604568481,0.1565742790699005,0.6135068535804749,0.04522506892681122,0.5392839908599854,0.57925,0.35825
U7B,907,original_U7C,37,43,False,matched_audit,4,4000,0.6845,0.7415,0.1775,0.5740332007408142,0.5048514604568481,0.06918176263570786,0.39137205481529236,0.0074379947036504745,0.3049129843711853,0.48775,0.381
U7B,907,original_U7C,37,43,False,matched_audit,5,4000,0.7325,0.7415,0.0665,0.5194783806800842,0.5048514604568481,0.014626921154558659,0.16707031428813934,0.0009244127431884408,0.1297565996646881,0.41425,0.38275
U7C,907,original_U7C,37,43,False,matched_audit,1,4000,0.5265,0.73375,0.46275,0.8517912030220032,0.5025737285614014,0.3492175042629242,0.8249767422676086,0.2361699491739273,1.034273386001587,0.6315,0.3525
U7C,907,original_U7C,37,43,False,matched_audit,2,4000,0.592,0.73375,0.40225,0.7132881879806519,0.5025737285614014,0.2107144594192505,0.6837690472602844,0.14713823795318604,0.7156726121902466,0.63425,0.34775
U7C,907,original_U7C,37,43,False,matched_audit,3,4000,0.65575,0.73375,0.2905,0.6054914593696594,0.5025737285614014,0.10291779786348343,0.5424380302429199,0.043168459087610245,0.4647965431213379,0.58075,0.359
U7C,907,original_U7C,37,43,False,matched_audit,4,4000,0.7075,0.73375,0.16025,0.5406754016876221,0.5025737285614014,0.038101743906736374,0.3315783143043518,0.010946813970804214,0.24674361944198608,0.50225,0.356
U7C,907,original_U7C,37,43,False,matched_audit,5,4000,0.7255,0.73375,0.05975,0.5083323121070862,0.5025737285614014,0.005758668761700392,0.14542067050933838,0.0021132654510438442,0.10010965168476105,0.4255,0.345
U7B,1009,original_U7B,83,89,False,matched_audit,1,4000,0.52425,0.70925,0.393,0.8100318312644958,0.5256816148757935,0.2843502461910248,0.7320880889892578,0.24475941061973572,0.87888103723526,0.65375,0.336
U7B,1009,original_U7B,83,89,False,matched_audit,2,4000,0.6495,0.70925,0.23825,0.6729448437690735,0.5256816148757935,0.14726316928863525,0.6261767148971558,0.06088925525546074,0.5646591782569885,0.599,0.3645
U7B,1009,original_U7B,83,89,False,matched_audit,3,4000,0.6735,0.70925,0.16375,0.5834874510765076,0.5256816148757935,0.057805780321359634,0.40816593170166016,0.007547111250460148,0.3200065791606903,0.48325,0.361
U7B,1009,original_U7B,83,89,False,matched_audit,4,4000,0.69725,0.70925,0.101,0.5435080528259277,0.5256816148757935,0.017826445400714874,0.23464399576187134,0.001220831647515297,0.16591159999370575,0.4215,0.35575
U7B,1009,original_U7B,83,89,False,matched_audit,5,4000,0.708,0.70925,0.04125,0.5292016863822937,0.5256816148757935,0.003520004451274872,0.10741938650608063,0.00023464116384275258,0.06750665605068207,0.3715,0.3325
U7C,1009,original_U7B,83,89,False,matched_audit,1,4000,0.51725,0.7145,0.50525,0.7668631076812744,0.5218217968940735,0.24504129588603973,0.657858669757843,0.3300137519836426,0.7701888084411621,0.664,0.32675
U7C,1009,original_U7B,83,89,False,matched_audit,2,4000,0.628,0.7145,0.272,0.6414726376533508,0.5218217968940735,0.11965084075927734,0.5388657450675964,0.04816542565822601,0.49624505639076233,0.599,0.36125
U7C,1009,original_U7B,83,89,False,matched_audit,3,4000,0.67725,0.7145,0.18575,0.5814598798751831,0.5218217968940735,0.059638071805238724,0.39017531275749207,0.004426086321473122,0.3458382785320282,0.46,0.35775
U7C,1009,original_U7B,83,89,False,matched_audit,4,4000,0.6875,0.7145,0.1225,0.5464217066764832,0.5218217968940735,0.02459987998008728,0.23466026782989502,0.00067393749486655,0.18831247091293335,0.4265,0.355
U7C,1009,original_U7B,83,89,False,matched_audit,5,4000,0.704,0.7145,0.059,0.5280208587646484,0.5218217968940735,0.006199069786816835,0.10924752056598663,0.0001453415461583063,0.07762588560581207,0.39375,0.333
U7B,1009,original_U7C,37,43,False,matched_audit,1,4000,0.51675,0.70775,0.4005,0.7960827350616455,0.5253698229789734,0.27071288228034973,0.7280158996582031,0.24142764508724213,0.8897066116333008,0.64875,0.341
U7B,1009,original_U7C,37,43,False,matched_audit,2,4000,0.65075,0.70775,0.248,0.6650829315185547,0.5253698229789734,0.1397130787372589,0.6257904767990112,0.0607755072414875,0.5709441900253296,0.60475,0.36125
U7B,1009,original_U7C,37,43,False,matched_audit,3,4000,0.68125,0.70775,0.174,0.5731520056724548,0.5253698229789734,0.047782089561223984,0.4074097275733948,0.007400074042379856,0.3238493800163269,0.4785,0.36875
U7B,1009,original_U7C,37,43,False,matched_audit,4,4000,0.697,0.70775,0.10325,0.5364049673080444,0.5253698229789734,0.011035091243684292,0.2363881915807724,0.0010647578164935112,0.16761013865470886,0.404,0.363
U7B,1009,original_U7C,37,43,False,matched_audit,5,4000,0.70475,0.70775,0.0465,0.5263338685035706,0.5253698229789734,0.0009639918571338058,0.10569973289966583,0.00018855679081752896,0.06865015625953674,0.36025,0.348
U7C,1009,original_U7C,37,43,False,matched_audit,1,4000,0.54025,0.711,0.50625,0.7499851584434509,0.5222975015640259,0.22768768668174744,0.6745684742927551,0.31506258249282837,0.7739381790161133,0.6625,0.33125
U7C,1009,original_U7C,37,43,False,matched_audit,2,4000,0.6505,0.711,0.272,0.6360069513320923,0.5222975015640259,0.11370950937271118,0.5441178679466248,0.04397585242986679,0.5032296180725098,0.592,0.365
U7C,1009,original_U7C,37,43,False,matched_audit,3,4000,0.6845,0.711,0.1875,0.5690823197364807,0.5222975015640259,0.04678487032651901,0.3865150511264801,0.003989993594586849,0.3241921067237854,0.45025,0.36425
U7C,1009,original_U7C,37,43,False,matched_audit,4,4000,0.69725,0.711,0.11875,0.5340625643730164,0.5222975015640259,0.01176506094634533,0.23427796363830566,0.0005881740362383425,0.17814284563064575,0.406,0.366
U7C,1009,original_U7C,37,43,False,matched_audit,5,4000,0.7055,0.711,0.0545,0.5231149792671204,0.5222975015640259,0.0008175477269105613,0.10335088521242142,9.338736708741635e-05,0.07326433807611465,0.367,0.34825
