version,seed,suite,sample_offset,causal_offset,suite_is_alias,evaluation_phase,pairs,causal_clean_accuracy,counterfactual_accuracy,counterfactual_pair_accuracy,counterfactual_prediction_flip_consistency,first_edge_corrupted_accuracy,second_edge_corrupted_accuracy,second_edge_oracle_accuracy,final_accuracy,valid_value_steps,valid_value_step_count,accuracy_gate_passed,counterfactual_gate_passed,first_edge_gate_passed,second_edge_gate_passed,value_gate_passed,passed
U7B,503,original_U7B,37,43,False,matched_audit,2000,0.995,0.9965,0.9915,0.9915,0.519,0.495,0.4955,0.9925,"[1, 2, 3]",3,True,True,True,True,True,True
U7C,503,original_U7B,37,43,False,matched_audit,2000,0.9915,0.9955,0.9875,0.988,0.4985,0.4945,0.4955,0.992,"[1, 2, 3]",3,True,True,True,True,True,True
U7B,503,original_U7C,37,43,True,matched_audit,2000,0.995,0.9965,0.9915,0.9915,0.519,0.495,0.4955,0.9925,"[1, 2, 3]",3,True,True,True,True,True,True
U7C,503,original_U7C,37,43,True,matched_audit,2000,0.9915,0.9955,0.9875,0.988,0.4985,0.4945,0.4955,0.992,"[1, 2, 3]",3,True,True,True,True,True,True
U7B,607,original_U7B,37,43,False,matched_audit,2000,1.0,1.0,1.0,1.0,0.4915,0.4975,0.4975,1.0,"[1, 2, 3]",3,True,True,True,True,True,True
U7C,607,original_U7B,37,43,False,matched_audit,2000,0.999,0.9985,0.9975,0.9975,0.4965,0.4965,0.4975,0.9975,"[1, 2]",2,True,True,True,True,True,True
U7B,607,original_U7C,37,43,True,matched_audit,2000,1.0,1.0,1.0,1.0,0.4915,0.4975,0.4975,1.0,"[1, 2, 3]",3,True,True,True,True,True,True
U7C,607,original_U7C,37,43,True,matched_audit,2000,0.999,0.9985,0.9975,0.9975,0.4965,0.4965,0.4975,0.9975,"[1, 2]",2,True,True,True,True,True,True
U7B,709,original_U7B,37,43,False,matched_audit,2000,0.998,0.9985,0.9965,0.9965,0.497,0.5095,0.509,0.998,"[1, 2, 3]",3,True,True,True,True,True,True
U7C,709,original_U7B,37,43,False,matched_audit,2000,0.999,0.999,0.998,0.998,0.494,0.509,0.509,1.0,"[1, 2, 3]",3,True,True,True,True,True,True
U7B,709,original_U7C,37,43,True,matched_audit,2000,0.998,0.9985,0.9965,0.9965,0.497,0.5095,0.509,0.998,"[1, 2, 3]",3,True,True,True,True,True,True
U7C,709,original_U7C,37,43,True,matched_audit,2000,0.999,0.999,0.998,0.998,0.494,0.509,0.509,1.0,"[1, 2, 3]",3,True,True,True,True,True,True
U7B,811,original_U7B,83,89,False,matched_audit,2000,0.705,0.721,0.566,0.706,0.499,0.496,0.51,0.71225,"[1, 2, 3, 4]",4,False,False,True,True,True,False
U7C,811,original_U7B,83,89,False,matched_audit,2000,0.71,0.715,0.583,0.741,0.4765,0.4955,0.51,0.70675,"[1, 2, 3, 4]",4,False,False,True,True,True,False
U7B,811,original_U7C,37,43,False,matched_audit,2000,0.7125,0.723,0.569,0.7025,0.5115,0.5005,0.4975,0.704,"[1, 2, 3, 4]",4,False,False,True,True,True,False
U7C,811,original_U7C,37,43,False,matched_audit,2000,0.717,0.718,0.583,0.731,0.5085,0.5105,0.4975,0.7,"[1, 2, 3, 4]",4,False,False,True,True,True,False
U7B,907,original_U7B,83,89,False,matched_audit,2000,0.7445,0.7435,0.6455,0.803,0.536,0.4955,0.52,0.729,"[1, 2, 3, 4]",4,False,False,True,True,True,False
U7C,907,original_U7B,83,89,False,matched_audit,2000,0.7495,0.7595,0.663,0.817,0.52,0.505,0.52,0.7365,"[1, 2, 3, 4]",4,False,False,True,True,True,False
U7B,907,original_U7C,37,43,False,matched_audit,2000,0.7085,0.707,0.5955,0.7755,0.487,0.5035,0.5045,0.7415,"[1, 2, 3, 4]",4,False,False,True,True,True,False
U7C,907,original_U7C,37,43,False,matched_audit,2000,0.7105,0.723,0.6135,0.7935,0.4915,0.51,0.5045,0.73375,"[1, 2, 3, 4]",4,False,False,True,True,True,False
U7B,1009,original_U7B,83,89,False,matched_audit,2000,0.6935,0.6975,0.5895,0.788,0.474,0.496,0.5215,0.70925,"[1, 2, 3]",3,False,False,True,True,True,False
U7C,1009,original_U7B,83,89,False,matched_audit,2000,0.688,0.6915,0.5835,0.7875,0.4705,0.4985,0.5215,0.7145,"[1, 2, 3, 4]",4,False,False,True,True,True,False
U7B,1009,original_U7C,37,43,False,matched_audit,2000,0.7115,0.708,0.609,0.7985,0.497,0.508,0.502,0.70775,"[1, 2, 3]",3,False,False,True,True,True,False
U7C,1009,original_U7C,37,43,False,matched_audit,2000,0.7095,0.7115,0.6115,0.802,0.502,0.505,0.502,0.711,"[1, 2, 3]",3,False,False,True,True,True,False
