seed,suite,suite_is_alias,clean_correct_n,clean_correct_u7b,clean_correct_u7c,clean_correct_delta,clean_correct_c_only,clean_correct_b_only,paired_cf_correct_n,paired_cf_correct_u7b,paired_cf_correct_u7c,paired_cf_correct_delta,paired_cf_correct_c_only,paired_cf_correct_b_only
503,original_U7B,False,4000,0.9925,0.992,-0.0005,22,24,2000,0.9915,0.9875,-0.004,11,19
503,original_U7C,True,4000,0.9925,0.992,-0.0005,22,24,2000,0.9915,0.9875,-0.004,11,19
607,original_U7B,False,4000,1.0,0.9975,-0.0025,0,10,2000,1.0,0.9975,-0.0025,0,5
607,original_U7C,True,4000,1.0,0.9975,-0.0025,0,10,2000,1.0,0.9975,-0.0025,0,5
709,original_U7B,False,4000,0.998,1.0,0.002,8,0,2000,0.9965,0.998,0.0015,6,3
709,original_U7C,True,4000,0.998,1.0,0.002,8,0,2000,0.9965,0.998,0.0015,6,3
811,original_U7B,False,4000,0.71225,0.70675,-0.0055,263,285,2000,0.566,0.583,0.017,188,154
811,original_U7C,False,4000,0.704,0.7,-0.004,259,275,2000,0.569,0.583,0.014,168,140
907,original_U7B,False,4000,0.729,0.7365,0.0075,291,261,2000,0.6455,0.663,0.0175,150,115
907,original_U7C,False,4000,0.7415,0.73375,-0.00775,241,272,2000,0.5955,0.6135,0.018,164,128
1009,original_U7B,False,4000,0.70925,0.7145,0.00525,251,230,2000,0.5895,0.5835,-0.006,109,121
1009,original_U7C,False,4000,0.70775,0.711,0.00325,235,222,2000,0.609,0.6115,0.0025,122,117
