evaluation_phase,seed,step,phase,phase_step,phase_chain_hops,auxiliary_loss_weight,learning_rate,loss,final_loss,grad_norm,validation_final_accuracy,elapsed_seconds,validation_accuracy_layer_0,validation_accuracy_layer_1,validation_accuracy_layer_2,validation_accuracy_layer_3,validation_accuracy_layer_4,validation_accuracy_layer_5,validation_accuracy_layer_6
development,503,1,full_auxiliary_two_hop,1,2,0.02,0.0012,0.956575334072113,0.9402120113372803,42.3371156615508,0.5183333333333333,1.2290341980005905,0.4816666666666667,0.48333333333333334,0.5166666666666667,0.5183333333333333,0.5183333333333333,0.5183333333333333,0.5183333333333333
development,503,200,full_auxiliary_two_hop,200,2,0.02,0.0012,0.7021145820617676,0.6883355975151062,0.07596597936122665,0.5183333333333333,27.54042259200105,0.4816666666666667,0.5083333333333333,0.52,0.5183333333333333,0.5183333333333333,0.5183333333333333,0.5183333333333333
development,503,400,full_auxiliary_two_hop,400,2,0.02,0.0012,0.7079156637191772,0.6940447092056274,0.5221863533541865,0.495,56.51286785800039,0.4816666666666667,0.49833333333333335,0.49166666666666664,0.49166666666666664,0.505,0.4866666666666667,0.495
development,503,600,full_auxiliary_two_hop,600,2,0.02,0.0012,0.6952081918716431,0.6814993619918823,0.2701136277273849,0.5233333333333333,85.10205969100025,0.4816666666666667,0.5016666666666667,0.5083333333333333,0.5216666666666666,0.515,0.53,0.5233333333333333
development,503,800,full_auxiliary_two_hop,800,2,0.02,0.0012,0.720690131187439,0.7062005400657654,0.8869004583368885,0.47833333333333333,110.10970827600067,0.4816666666666667,0.5116666666666667,0.485,0.4766666666666667,0.4766666666666667,0.48,0.47833333333333333
development,503,1000,full_auxiliary_two_hop,1000,2,0.02,0.0012,0.7129941582679749,0.6978639364242554,0.31168747331663454,0.5216666666666666,138.5094611250006,0.5183333333333333,0.5066666666666667,0.515,0.52,0.5233333333333333,0.5266666666666666,0.5216666666666666
development,503,1200,full_auxiliary_two_hop,1200,2,0.02,0.0012,0.6691511869430542,0.6551916599273682,0.4794476811059616,0.5216666666666666,167.05341546199998,0.4816666666666667,0.5116666666666667,0.515,0.5216666666666666,0.525,0.5283333333333333,0.5216666666666666
development,503,1400,full_auxiliary_two_hop,1400,2,0.02,0.0012,0.6048733592033386,0.5923786163330078,0.5655512315790181,0.6033333333333334,193.55768259700017,0.4816666666666667,0.5316666666666666,0.51,0.58,0.5883333333333334,0.6033333333333334,0.6033333333333334
development,503,1600,full_auxiliary_two_hop,1600,2,0.02,0.0012,0.5754523873329163,0.5635032653808594,0.8281393182798834,0.6516666666666666,218.5455787710016,0.4816666666666667,0.5366666666666666,0.565,0.6216666666666667,0.6333333333333333,0.645,0.6516666666666666
development,503,1700,full_auxiliary_two_hop,1700,2,0.02,0.0012,0.6192106604576111,0.605878472328186,1.1686065095649874,0.6883333333333334,234.0411554860002,0.4816666666666667,0.49333333333333335,0.5616666666666666,0.6483333333333333,0.6766666666666666,0.6883333333333334,0.6883333333333334
development,503,1701,taper_015_two_hop,1,2,0.015,0.0012,0.5459212064743042,0.5372950434684753,1.1286017009457339,0.6916666666666667,234.93376216100114,0.4816666666666667,0.485,0.5633333333333334,0.6433333333333333,0.675,0.695,0.6916666666666667
development,503,1900,taper_015_two_hop,200,2,0.015,0.0012,0.47766199707984924,0.4693998694419861,1.6231113925538294,0.6883333333333334,276.69900933200006,0.4816666666666667,0.48,0.6266666666666667,0.6483333333333333,0.6733333333333333,0.6766666666666666,0.6883333333333334
development,503,1901,taper_010_pre_transition_two_hop,1,2,0.01,0.0012,0.47153782844543457,0.46622490882873535,1.4431464104841583,0.6866666666666666,277.4922560940013,0.4816666666666667,0.47833333333333333,0.6283333333333333,0.6583333333333333,0.675,0.6783333333333333,0.6866666666666666
development,503,2000,taper_010_pre_transition_two_hop,100,2,0.01,0.0012,0.4345818758010864,0.4292621612548828,2.0323118051114415,0.735,290.2716478480015,0.4816666666666667,0.47833333333333333,0.6283333333333333,0.7166666666666667,0.725,0.74,0.735
development,503,2001,taper_010_post_transition_two_hop,1,2,0.01,0.0005,0.528785228729248,0.5229614973068237,1.733671801630605,0.7066666666666667,291.27120517000003,0.5183333333333333,0.49333333333333335,0.64,0.6866666666666666,0.7083333333333334,0.7066666666666667,0.7066666666666667
development,503,2100,taper_010_post_transition_two_hop,100,2,0.01,0.0005,0.4624447226524353,0.45650479197502136,2.221540126582861,0.7383333333333333,307.3572491290015,0.5183333333333333,0.5216666666666666,0.6233333333333333,0.7333333333333333,0.7516666666666667,0.7466666666666667,0.7383333333333333
development,503,2101,taper_005_two_hop,1,2,0.005,0.0005,0.39739152789115906,0.39468705654144287,31.42509254633192,0.7383333333333333,308.280151641,0.5183333333333333,0.5166666666666667,0.62,0.73,0.7516666666666667,0.7483333333333333,0.7383333333333333
development,503,2300,taper_005_two_hop,200,2,0.005,0.0005,0.413575679063797,0.4107612371444702,2.2849092549132113,0.7666666666666667,333.96853006700076,0.5183333333333333,0.505,0.615,0.7016666666666667,0.7366666666666667,0.7583333333333333,0.7666666666666667
development,503,2301,final_only_two_hop,1,2,0.0,0.0005,0.344682902097702,0.344682902097702,2.347510573463992,0.76,334.78077111200037,0.5183333333333333,0.5066666666666667,0.6166666666666667,0.705,0.7333333333333333,0.7566666666666667,0.76
development,503,2500,final_only_two_hop,200,2,0.0,0.0005,0.2897894084453583,0.2897894084453583,2.3547851031419715,0.8083333333333333,362.44125007600087,0.5183333333333333,0.5333333333333333,0.66,0.7633333333333333,0.785,0.8,0.8083333333333333
development,503,2700,final_only_two_hop,400,2,0.0,0.0005,0.3379112184047699,0.3379112184047699,4.955273228141588,0.825,390.1552240680012,0.5183333333333333,0.5383333333333333,0.675,0.75,0.7833333333333333,0.8133333333333334,0.825
development,503,2900,final_only_two_hop,600,2,0.0,0.0005,0.26174700260162354,0.26174700260162354,2.118229723102162,0.845,422.24381466200066,0.5183333333333333,0.49833333333333335,0.6916666666666667,0.78,0.8483333333333334,0.8483333333333334,0.845
development,503,3100,final_only_two_hop,800,2,0.0,0.0005,0.11068299412727356,0.11068299412727356,1.7696706933160113,0.8683333333333333,453.0151266720004,0.5183333333333333,0.5116666666666667,0.69,0.8033333333333333,0.8516666666666667,0.8566666666666667,0.8683333333333333
development,503,3300,final_only_two_hop,1000,2,0.0,0.0005,0.14913281798362732,0.14913281798362732,7.107738980791139,0.885,478.08402619700064,0.5183333333333333,0.51,0.6816666666666666,0.83,0.8866666666666667,0.8783333333333333,0.885
development,503,3500,final_only_two_hop,1200,2,0.0,0.0005,0.11904680728912354,0.11904680728912354,5.620618647678278,0.905,501.5166050700009,0.5183333333333333,0.5183333333333333,0.6883333333333334,0.84,0.88,0.9116666666666666,0.905
development,503,3700,final_only_two_hop,1400,2,0.0,0.0005,0.15085023641586304,0.15085023641586304,4.622757116673892,0.9116666666666666,523.4636707360005,0.5183333333333333,0.5216666666666666,0.7133333333333334,0.8666666666666667,0.9033333333333333,0.9116666666666666,0.9116666666666666
development,503,3900,final_only_two_hop,1600,2,0.0,0.0005,0.04124530032277107,0.04124530032277107,2.3157597510524512,0.9133333333333333,544.468249173,0.5183333333333333,0.5266666666666666,0.7016666666666667,0.8566666666666667,0.9016666666666666,0.9133333333333333,0.9133333333333333
development,503,4000,final_only_two_hop,1700,2,0.0,0.0005,0.020976005122065544,0.020976005122065544,2.5163489438192506,0.925,554.966133332,0.5183333333333333,0.5416666666666666,0.7116666666666667,0.8483333333333334,0.9066666666666666,0.9183333333333333,0.925
development,607,1,full_auxiliary_two_hop,1,2,0.02,0.0012,0.740315854549408,0.7256239652633667,5.603096738356487,0.5216666666666666,1.6303956079991622,0.5216666666666666,0.49333333333333335,0.5216666666666666,0.5216666666666666,0.5216666666666666,0.5216666666666666,0.5216666666666666
development,607,200,full_auxiliary_two_hop,200,2,0.02,0.0012,0.706230103969574,0.6922581195831299,0.40844842143712645,0.475,26.11041887600004,0.5216666666666666,0.5,0.5016666666666667,0.485,0.48333333333333334,0.48,0.475
development,607,400,full_auxiliary_two_hop,400,2,0.02,0.0012,0.7053399085998535,0.6914529800415039,0.09985391657535679,0.47833333333333333,50.003346473999045,0.5216666666666666,0.4866666666666667,0.4866666666666667,0.47833333333333333,0.4816666666666667,0.4716666666666667,0.47833333333333333
development,607,600,full_auxiliary_two_hop,600,2,0.02,0.0012,0.7311815619468689,0.7166173458099365,1.1328376707391647,0.5216666666666666,70.36015006900016,0.5216666666666666,0.515,0.5216666666666666,0.5216666666666666,0.5216666666666666,0.5216666666666666,0.5216666666666666
development,607,800,full_auxiliary_two_hop,800,2,0.02,0.0012,0.7042859196662903,0.6900412440299988,0.7209130729694778,0.5216666666666666,90.29831971400017,0.5216666666666666,0.495,0.52,0.51,0.5183333333333333,0.5166666666666667,0.5216666666666666
development,607,1000,full_auxiliary_two_hop,1000,2,0.02,0.0012,0.6461368203163147,0.6333546042442322,0.6057369105382951,0.5733333333333334,110.6908193649997,0.5216666666666666,0.5333333333333333,0.5516666666666666,0.5683333333333334,0.5666666666666667,0.5766666666666667,0.5733333333333334
development,607,1200,full_auxiliary_two_hop,1200,2,0.02,0.0012,0.6317687630653381,0.6181588768959045,0.7649230714379822,0.61,133.19515267799943,0.47833333333333333,0.5016666666666667,0.5866666666666667,0.6116666666666667,0.605,0.6016666666666667,0.61
development,607,1400,full_auxiliary_two_hop,1400,2,0.02,0.0012,0.5863173604011536,0.5729525089263916,1.2654102156617786,0.66,156.22966330300005,0.47833333333333333,0.51,0.6166666666666667,0.6616666666666666,0.6616666666666666,0.6583333333333333,0.66
development,607,1600,full_auxiliary_two_hop,1600,2,0.02,0.0012,0.5317931175231934,0.5194152593612671,1.3401014771791748,0.6883333333333334,177.76304169200012,0.47833333333333333,0.5266666666666666,0.62,0.6866666666666666,0.6883333333333334,0.6883333333333334,0.6883333333333334
development,607,1700,full_auxiliary_two_hop,1700,2,0.02,0.0012,0.47894442081451416,0.46677860617637634,1.0199022611440018,0.7483333333333333,188.64906779000012,0.47833333333333333,0.52,0.6566666666666666,0.7316666666666667,0.7466666666666667,0.75,0.7483333333333333
development,607,1701,taper_015_two_hop,1,2,0.015,0.0012,0.47399142384529114,0.4656216502189636,9.684572305652189,0.745,189.33130969800004,0.47833333333333333,0.52,0.6516666666666666,0.735,0.7466666666666667,0.745,0.745
development,607,1900,taper_015_two_hop,200,2,0.015,0.0012,0.31095534563064575,0.30385085940361023,1.275758810463163,0.8066666666666666,210.9568037070003,0.47833333333333333,0.49666666666666665,0.72,0.785,0.795,0.8066666666666666,0.8066666666666666
development,607,1901,taper_010_pre_transition_two_hop,1,2,0.01,0.0012,0.37678125500679016,0.37133949995040894,1.7920133469590078,0.81,211.67562250899937,0.47833333333333333,0.495,0.7233333333333334,0.8033333333333333,0.8033333333333333,0.815,0.81
development,607,2000,taper_010_pre_transition_two_hop,100,2,0.01,0.0012,0.3708646297454834,0.3656092584133148,2.149716776938519,0.8333333333333334,223.2742783779995,0.47833333333333333,0.5,0.695,0.8016666666666666,0.825,0.83,0.8333333333333334
development,607,2001,taper_010_post_transition_two_hop,1,2,0.01,0.0005,0.375026136636734,0.36833620071411133,1.6828873271364388,0.825,223.96527642599904,0.5166666666666667,0.5233333333333333,0.7033333333333334,0.8016666666666666,0.83,0.825,0.825
development,607,2100,taper_010_post_transition_two_hop,100,2,0.01,0.0005,0.33482789993286133,0.3291151523590088,2.2194384898469397,0.82,234.5455222239998,0.5166666666666667,0.5066666666666667,0.7033333333333334,0.8,0.8233333333333334,0.82,0.82
development,607,2101,taper_005_two_hop,1,2,0.005,0.0005,0.4809107482433319,0.4778297543525696,23.95960762025017,0.8183333333333334,235.19651872800023,0.5166666666666667,0.5066666666666667,0.71,0.8033333333333333,0.8266666666666667,0.82,0.8183333333333334
development,607,2300,taper_005_two_hop,200,2,0.005,0.0005,0.2766171395778656,0.2742460370063782,1.9550506543898125,0.845,256.0517137779989,0.5166666666666667,0.5333333333333333,0.72,0.8183333333333334,0.8366666666666667,0.8433333333333334,0.845
development,607,2301,final_only_two_hop,1,2,0.0,0.0005,0.332549512386322,0.332549512386322,2.874111844714436,0.84,256.8264879769995,0.5166666666666667,0.5316666666666666,0.715,0.8266666666666667,0.8416666666666667,0.8433333333333334,0.84
development,607,2500,final_only_two_hop,200,2,0.0,0.0005,0.2527102828025818,0.2527102828025818,1.646742647971442,0.835,278.4148681989991,0.5166666666666667,0.53,0.7166666666666667,0.83,0.8416666666666667,0.8416666666666667,0.835
development,607,2700,final_only_two_hop,400,2,0.0,0.0005,0.2800320088863373,0.2800320088863373,4.262356940447668,0.835,299.567748038,0.5166666666666667,0.495,0.6533333333333333,0.7966666666666666,0.8266666666666667,0.8383333333333334,0.835
development,607,2900,final_only_two_hop,600,2,0.0,0.0005,0.16665057837963104,0.16665057837963104,4.084786423341753,0.8966666666666666,325.0905770669997,0.5166666666666667,0.5016666666666667,0.6783333333333333,0.8433333333333334,0.885,0.8966666666666666,0.8966666666666666
development,607,3100,final_only_two_hop,800,2,0.0,0.0005,0.16202858090400696,0.16202858090400696,3.694236076044187,0.91,346.246732435,0.5166666666666667,0.4683333333333333,0.6633333333333333,0.86,0.9066666666666666,0.9066666666666666,0.91
development,607,3300,final_only_two_hop,1000,2,0.0,0.0005,0.15772247314453125,0.15772247314453125,3.181220679796146,0.915,369.6160110089986,0.48333333333333334,0.47833333333333333,0.665,0.8483333333333334,0.9,0.92,0.915
development,607,3500,final_only_two_hop,1200,2,0.0,0.0005,0.09002389758825302,0.09002389758825302,1.8609491722387623,0.935,392.1531840890002,0.48333333333333334,0.4716666666666667,0.685,0.8683333333333333,0.9233333333333333,0.9283333333333333,0.935
development,607,3700,final_only_two_hop,1400,2,0.0,0.0005,0.021760370582342148,0.021760370582342148,1.6320460868871527,0.9866666666666667,413.88709680099964,0.48333333333333334,0.4866666666666667,0.7016666666666667,0.9033333333333333,0.9716666666666667,0.9783333333333334,0.9866666666666667
development,607,3900,final_only_two_hop,1600,2,0.0,0.0005,0.001351134735159576,0.001351134735159576,0.08753386267794513,0.995,435.26008745299987,0.48333333333333334,0.4816666666666667,0.7,0.9333333333333333,0.9866666666666667,0.9966666666666667,0.995
development,607,4000,final_only_two_hop,1700,2,0.0,0.0005,0.0012984047643840313,0.0012984047643840313,0.32036373137537955,0.9983333333333333,447.7972051309989,0.48333333333333334,0.48,0.7133333333333334,0.9416666666666667,0.99,0.9966666666666667,0.9983333333333333
development,709,1,full_auxiliary_two_hop,1,2,0.02,0.0012,1.1094764471054077,1.0897716283798218,25.573503404578886,0.48,0.8004935049993946,0.52,0.49333333333333335,0.48,0.48,0.48,0.48,0.48
development,709,200,full_auxiliary_two_hop,200,2,0.02,0.0012,0.7311486005783081,0.7168700098991394,1.540180871321348,0.52,23.40123141999902,0.52,0.5066666666666667,0.5066666666666667,0.5183333333333333,0.5133333333333333,0.5233333333333333,0.52
development,709,400,full_auxiliary_two_hop,400,2,0.02,0.0012,0.7040801644325256,0.6902570724487305,0.17258354299354617,0.5216666666666666,47.06903592999879,0.52,0.53,0.495,0.51,0.5233333333333333,0.5183333333333333,0.5216666666666666
development,709,600,full_auxiliary_two_hop,600,2,0.02,0.0012,0.7187323570251465,0.7042872309684753,0.261252545631709,0.5316666666666666,73.27174379899952,0.52,0.545,0.5433333333333333,0.53,0.5333333333333333,0.545,0.5316666666666666
development,709,800,full_auxiliary_two_hop,800,2,0.02,0.0012,0.7269843220710754,0.7120973467826843,0.9442357028250001,0.5783333333333334,95.43328864099931,0.52,0.5116666666666667,0.5333333333333333,0.58,0.58,0.5766666666666667,0.5783333333333334
development,709,1000,full_auxiliary_two_hop,1000,2,0.02,0.0012,0.6716995239257812,0.658097505569458,1.0461479171296204,0.5716666666666667,116.84580354199898,0.52,0.5816666666666667,0.5566666666666666,0.58,0.5866666666666667,0.5916666666666667,0.5716666666666667
development,709,1200,full_auxiliary_two_hop,1200,2,0.02,0.0012,0.5975208878517151,0.5849945545196533,1.7107915210448217,0.6383333333333333,138.36151941099888,0.52,0.5183333333333333,0.56,0.605,0.6283333333333333,0.625,0.6383333333333333
development,709,1400,full_auxiliary_two_hop,1400,2,0.02,0.0012,0.5907763838768005,0.5775638222694397,1.6743569706043773,0.6533333333333333,160.28236152299905,0.52,0.52,0.5916666666666667,0.6166666666666667,0.6283333333333333,0.6383333333333333,0.6533333333333333
development,709,1600,full_auxiliary_two_hop,1600,2,0.02,0.0012,0.4877653419971466,0.4763610363006592,2.596882818404709,0.7283333333333334,182.047767267999,0.52,0.49333333333333335,0.565,0.63,0.6916666666666667,0.7166666666666667,0.7283333333333334
development,709,1700,full_auxiliary_two_hop,1700,2,0.02,0.0012,0.4982282519340515,0.48717355728149414,2.280291211867644,0.7283333333333334,193.01398847899873,0.52,0.5166666666666667,0.625,0.6683333333333333,0.71,0.7216666666666667,0.7283333333333334
development,709,1701,taper_015_two_hop,1,2,0.015,0.0012,0.37648019194602966,0.3691384792327881,1.8313957997797627,0.735,193.65961596799934,0.52,0.5183333333333333,0.62,0.665,0.7166666666666667,0.7233333333333334,0.735
development,709,1900,taper_015_two_hop,200,2,0.015,0.0012,0.43925580382347107,0.43094682693481445,2.212611033565923,0.7333333333333333,216.29499364999901,0.52,0.5666666666666667,0.6366666666666667,0.6966666666666667,0.7266666666666667,0.74,0.7333333333333333
development,709,1901,taper_010_pre_transition_two_hop,1,2,0.01,0.0012,0.40056878328323364,0.3953898847103119,2.529954608685203,0.7283333333333334,217.0201809379996,0.52,0.5683333333333334,0.6366666666666667,0.6866666666666666,0.7233333333333334,0.7366666666666667,0.7283333333333334
development,709,2000,taper_010_pre_transition_two_hop,100,2,0.01,0.0012,0.3223251700401306,0.31792932748794556,1.985036245483846,0.7983333333333333,227.97113329999956,0.52,0.555,0.66,0.7516666666666667,0.79,0.7966666666666666,0.7983333333333333
development,709,2001,taper_010_post_transition_two_hop,1,2,0.01,0.0005,0.524524450302124,0.5182225704193115,3.049327071959975,0.7466666666666667,228.63179503299943,0.5533333333333333,0.52,0.6483333333333333,0.7133333333333334,0.7483333333333333,0.7533333333333333,0.7466666666666667
development,709,2100,taper_010_post_transition_two_hop,100,2,0.01,0.0005,0.45737260580062866,0.45112308859825134,2.761935037091268,0.8,240.1108089119989,0.5533333333333333,0.5433333333333333,0.65,0.7383333333333333,0.7633333333333333,0.7816666666666666,0.8
development,709,2101,taper_005_two_hop,1,2,0.005,0.0005,0.39370086789131165,0.3910406827926636,3.789883170016652,0.8033333333333333,240.89588697399995,0.5533333333333333,0.5433333333333333,0.6483333333333333,0.74,0.7616666666666667,0.7866666666666666,0.8033333333333333
development,709,2300,taper_005_two_hop,200,2,0.005,0.0005,0.22756104171276093,0.22501927614212036,4.448591081551054,0.8683333333333333,262.6999880299991,0.5533333333333333,0.5433333333333333,0.6783333333333333,0.8066666666666666,0.8333333333333334,0.8533333333333334,0.8683333333333333
development,709,2301,final_only_two_hop,1,2,0.0,0.0005,0.27498090267181396,0.27498090267181396,2.612028980946849,0.8683333333333333,263.5065285820001,0.5533333333333333,0.5433333333333333,0.6783333333333333,0.8033333333333333,0.8366666666666667,0.865,0.8683333333333333
development,709,2500,final_only_two_hop,200,2,0.0,0.0005,0.17067144811153412,0.17067144811153412,3.7117328802408283,0.885,284.2902526279995,0.5533333333333333,0.5516666666666666,0.68,0.795,0.865,0.8833333333333333,0.885
development,709,2700,final_only_two_hop,400,2,0.0,0.0005,0.15142132341861725,0.15142132341861725,3.280219161091264,0.915,306.38423664400034,0.5533333333333333,0.5533333333333333,0.69,0.85,0.905,0.9116666666666666,0.915
development,709,2900,final_only_two_hop,600,2,0.0,0.0005,0.09169451892375946,0.09169451892375946,1.6054903343001967,0.93,328.2255581999998,0.5533333333333333,0.5483333333333333,0.6983333333333334,0.87,0.925,0.9333333333333333,0.93
development,709,3100,final_only_two_hop,800,2,0.0,0.0005,0.04354647547006607,0.04354647547006607,3.470805394774567,0.94,349.21060396199937,0.5533333333333333,0.5016666666666667,0.6783333333333333,0.8633333333333333,0.9266666666666666,0.935,0.94
development,709,3300,final_only_two_hop,1000,2,0.0,0.0005,0.05169479176402092,0.05169479176402092,5.628515881320133,0.945,370.3094829829988,0.5533333333333333,0.49166666666666664,0.6816666666666666,0.8616666666666667,0.9283333333333333,0.94,0.945
development,709,3500,final_only_two_hop,1200,2,0.0,0.0005,0.020132603123784065,0.020132603123784065,2.900410919317135,0.97,391.84843897599967,0.5533333333333333,0.52,0.7,0.8783333333333333,0.95,0.9633333333333334,0.97
development,709,3700,final_only_two_hop,1400,2,0.0,0.0005,0.09467679262161255,0.09467679262161255,10.261163201714037,0.9816666666666667,414.8573782229996,0.5533333333333333,0.5033333333333333,0.73,0.9,0.9616666666666667,0.9783333333333334,0.9816666666666667
development,709,3900,final_only_two_hop,1600,2,0.0,0.0005,0.02528117224574089,0.02528117224574089,6.789756938243261,0.985,435.7473164539988,0.5533333333333333,0.5116666666666667,0.7316666666666667,0.9116666666666666,0.9683333333333334,0.98,0.985
development,709,4000,final_only_two_hop,1700,2,0.0,0.0005,0.0015109498053789139,0.0015109498053789139,0.364917362800412,0.9783333333333334,446.25575048099927,0.5533333333333333,0.505,0.7333333333333333,0.9216666666666666,0.9716666666666667,0.9816666666666667,0.9783333333333334
