seed,step,loss,final_loss,grad_norm,validation_final_accuracy,elapsed_seconds,validation_accuracy_layer_0,validation_accuracy_layer_1,validation_accuracy_layer_2,validation_accuracy_layer_3,validation_accuracy_layer_4,validation_accuracy_layer_5,validation_accuracy_layer_6
101,1,0.9846039414405823,0.9400385022163391,25.85191620129436,0.475,1.5508540309997443,0.475,0.50625,0.51875,0.484375,0.46875,0.475,0.475
101,100,0.724881649017334,0.6901705861091614,0.25950808027127065,0.44375,13.063442915999985,0.475,0.46875,0.475,0.4625,0.45,0.471875,0.44375
101,200,0.758523166179657,0.722812831401825,1.646176795010205,0.525,21.283519605000038,0.475,0.51875,0.515625,0.525,0.525,0.525,0.525
101,300,0.7346436381340027,0.6999393701553345,0.8132671428605597,0.475,28.741012260999923,0.475,0.471875,0.478125,0.48125,0.475,0.475,0.475
101,400,0.725791335105896,0.69031822681427,0.6768938196846478,0.465625,36.15455919899978,0.525,0.534375,0.478125,0.48125,0.471875,0.471875,0.465625
101,500,0.7187195420265198,0.6840522885322571,0.9720478927135059,0.4625,43.25620782399983,0.525,0.46875,0.478125,0.475,0.4625,0.46875,0.4625
101,600,0.7039598226547241,0.6701306700706482,0.799607549784445,0.490625,50.56011402799959,0.525,0.459375,0.46875,0.48125,0.49375,0.490625,0.490625
101,700,0.7576314210891724,0.7199462652206421,2.2275854948897136,0.484375,58.07320350400005,0.525,0.5,0.521875,0.528125,0.515625,0.509375,0.484375
101,800,0.7548313140869141,0.7174867987632751,1.1197464208155365,0.459375,65.98344039899985,0.525,0.446875,0.45,0.459375,0.4625,0.459375,0.459375
101,900,0.6961789131164551,0.6626605987548828,1.1338609103947177,0.50625,73.66195252000034,0.525,0.46875,0.515625,0.515625,0.528125,0.5125,0.50625
101,1000,0.6514054536819458,0.6200478076934814,1.004469424560457,0.471875,80.92215637000027,0.525,0.4375,0.490625,0.475,0.478125,0.46875,0.471875
101,1100,0.7022159099578857,0.6669206619262695,1.1884635712975493,0.484375,88.46284341599949,0.525,0.46875,0.496875,0.509375,0.50625,0.496875,0.484375
101,1200,0.6516920328140259,0.6208004951477051,1.1996089097249854,0.5,96.0645003540003,0.525,0.484375,0.490625,0.49375,0.5,0.496875,0.5
101,1300,0.6733592748641968,0.6399332880973816,1.285824801713986,0.521875,103.7327550760001,0.525,0.50625,0.503125,0.515625,0.515625,0.515625,0.521875
101,1400,0.6482018828392029,0.6165092587471008,2.0819450621249675,0.5125,111.82590026700018,0.525,0.45625,0.53125,0.51875,0.515625,0.51875,0.5125
101,1500,0.6055587530136108,0.5745341181755066,2.1007821785553706,0.5125,119.69873186299992,0.525,0.45,0.525,0.49375,0.49375,0.5125,0.5125
101,1600,0.60518479347229,0.5754446387290955,1.7254102962936675,0.53125,127.26472289199955,0.525,0.471875,0.509375,0.515625,0.521875,0.540625,0.53125
101,1700,0.5827488899230957,0.5535079836845398,2.846623399540529,0.521875,134.86517644800006,0.525,0.4625,0.540625,0.521875,0.534375,0.51875,0.521875
101,1800,0.5675665736198425,0.53958660364151,2.652677258513248,0.53125,142.35978626900032,0.525,0.46875,0.521875,0.5,0.50625,0.515625,0.53125
