candidate_id,seed,step,phase,phase_step,phase_chain_hops,auxiliary_loss_weight,learning_rate,loss,final_loss,grad_norm,validation_final_accuracy,elapsed_seconds,validation_accuracy_layer_0,validation_accuracy_layer_1,validation_accuracy_layer_2,validation_accuracy_layer_3,validation_accuracy_layer_4,validation_accuracy_layer_5,validation_accuracy_layer_6
U2-A-low-aux,311,1,learning,1,1,0.02,0.0012,0.7553278207778931,0.7366010546684265,6.09307786389948,0.5,2.4241512869998587,0.5,0.5,0.5,0.5,0.5,0.5,0.5
U2-A-low-aux,311,200,learning,200,1,0.02,0.0012,0.7287836670875549,0.714390754699707,1.6395974311926351,0.5,23.185995877999858,0.5,0.475,0.5,0.5,0.5,0.5,0.5
U2-A-low-aux,311,400,learning,400,1,0.02,0.0012,0.6959590911865234,0.6823598742485046,0.07003447331994896,0.5,39.152035839000064,0.5,0.49833333333333335,0.49666666666666665,0.5,0.5,0.5,0.5
U2-A-low-aux,311,600,learning,600,1,0.02,0.0012,0.7147200107574463,0.7005302309989929,0.3789415514589538,0.5,54.81434551699999,0.5,0.485,0.4816666666666667,0.49666666666666665,0.49833333333333335,0.5,0.5
U2-A-low-aux,311,800,learning,800,1,0.02,0.0012,0.6873034834861755,0.6733841896057129,0.5192955435108633,0.5516666666666666,70.76492294499985,0.5,0.515,0.5,0.5066666666666667,0.54,0.55,0.5516666666666666
U2-A-low-aux,311,1000,learning,1000,1,0.02,0.0012,0.5636444091796875,0.5513818264007568,1.0326865955811348,0.6616666666666666,86.27405539899996,0.5,0.4866666666666667,0.5783333333333334,0.6483333333333333,0.6616666666666666,0.67,0.6616666666666666
U2-A-low-aux,311,1200,learning,1200,1,0.02,0.0012,0.582201361656189,0.5689808130264282,6.725869577430944,0.7183333333333334,102.39184189599996,0.5,0.49,0.6016666666666667,0.7133333333333334,0.72,0.71,0.7183333333333334
U2-A-low-aux,311,1400,learning,1400,1,0.02,0.0012,0.44633081555366516,0.4348505437374115,2.682325317001649,0.785,117.90008400900001,0.5,0.51,0.6333333333333333,0.7766666666666666,0.7733333333333333,0.7783333333333333,0.785
U2-A-low-aux,311,1600,learning,1600,1,0.02,0.0012,0.36278781294822693,0.35255345702171326,3.0659723214770422,0.7833333333333333,134.22230620799996,0.5,0.49333333333333335,0.6733333333333333,0.7583333333333333,0.775,0.775,0.7833333333333333
U2-A-low-aux,311,1800,learning,1800,1,0.02,0.0012,0.3488888442516327,0.3381233215332031,3.849602383124624,0.85,149.3522313179999,0.5,0.49666666666666665,0.6866666666666666,0.7916666666666666,0.83,0.8516666666666667,0.85
U2-A-low-aux,311,2000,learning,2000,1,0.02,0.0012,0.16809824109077454,0.15772394835948944,2.7671901068959217,0.895,164.12247581999986,0.5,0.49666666666666665,0.6816666666666666,0.8133333333333334,0.8816666666666667,0.8916666666666667,0.895
U2-A-low-aux,311,2001,final_only_finetune,1,1,0.0,0.0005,0.23034533858299255,0.23034533858299255,3.3974542890570967,0.9166666666666666,164.6107777320001,0.475,0.495,0.6583333333333333,0.83,0.905,0.9216666666666666,0.9166666666666666
U2-A-low-aux,311,2200,final_only_finetune,200,1,0.0,0.0005,0.05894225090742111,0.05894225090742111,4.966382460965603,0.9716666666666667,181.80893199299976,0.475,0.4866666666666667,0.665,0.8666666666666667,0.9466666666666667,0.96,0.9716666666666667
U2-A-low-aux,311,2400,final_only_finetune,400,1,0.0,0.0005,0.011806637048721313,0.011806637048721313,1.7263780888170994,0.97,196.96279676300014,0.475,0.49333333333333335,0.67,0.8883333333333333,0.9533333333333334,0.9733333333333334,0.97
U2-B-wide,311,1,learning,1,1,0.02,0.0012,0.837719738483429,0.8226536512374878,24.68961262355309,0.5,0.6775553870002113,0.5,0.5,0.5,0.5,0.5,0.5,0.5
U2-B-wide,311,200,learning,200,1,0.02,0.0012,0.7172883749008179,0.7032065391540527,1.4197748565485981,0.5,25.62846147299979,0.5,0.51,0.5,0.5,0.5,0.5,0.5
U2-B-wide,311,400,learning,400,1,0.02,0.0012,0.6997303366661072,0.6858991384506226,0.04475248282192288,0.5,51.620627783000145,0.5,0.5033333333333333,0.5,0.5,0.5,0.5,0.5
U2-B-wide,311,600,learning,600,1,0.02,0.0012,0.7100400924682617,0.6960276961326599,0.28855618980593684,0.5,74.05335721600022,0.5,0.48333333333333334,0.49166666666666664,0.48833333333333334,0.49333333333333335,0.5,0.5
U2-B-wide,311,800,learning,800,1,0.02,0.0012,0.711761474609375,0.697640061378479,0.8584567648683765,0.49166666666666664,95.85035490000018,0.5,0.46,0.495,0.5,0.495,0.49666666666666665,0.49166666666666664
U2-B-wide,311,1000,learning,1000,1,0.02,0.0012,0.6683429479598999,0.6553620100021362,0.5503915027584663,0.5233333333333333,118.62930604199983,0.5,0.55,0.5516666666666666,0.54,0.54,0.5233333333333333,0.5233333333333333
U2-B-wide,311,1200,learning,1200,1,0.02,0.0012,0.5481189489364624,0.5363805294036865,1.5217537512936674,0.6433333333333333,142.21863825599985,0.5,0.5216666666666666,0.5983333333333334,0.6333333333333333,0.6366666666666667,0.64,0.6433333333333333
U2-B-wide,311,1400,learning,1400,1,0.02,0.0012,0.5821552872657776,0.5693274736404419,1.0511236265757655,0.6666666666666666,167.6920496319999,0.5,0.5416666666666666,0.5833333333333334,0.635,0.6483333333333333,0.6633333333333333,0.6666666666666666
U2-B-wide,311,1600,learning,1600,1,0.02,0.0012,0.4137888550758362,0.403287410736084,1.3996202936208726,0.69,192.68176890099994,0.5,0.5266666666666666,0.5916666666666667,0.6383333333333333,0.6666666666666666,0.6766666666666666,0.69
U2-B-wide,311,1800,learning,1800,1,0.02,0.0012,0.3970467150211334,0.3861604928970337,4.312394270828292,0.77,217.02838714000018,0.5,0.5433333333333333,0.6633333333333333,0.7333333333333333,0.7566666666666667,0.7566666666666667,0.77
U2-B-wide,311,2000,learning,2000,1,0.02,0.0012,0.35518085956573486,0.3445466160774231,7.083066361326145,0.74,241.17253847600023,0.5,0.5366666666666666,0.6666666666666666,0.7316666666666667,0.7433333333333333,0.7483333333333333,0.74
U2-B-wide,311,2001,final_only_finetune,1,1,0.0,0.0005,0.30134308338165283,0.30134308338165283,1.319392783702275,0.8016666666666666,241.8799160630001,0.475,0.5783333333333334,0.6966666666666667,0.7633333333333333,0.7883333333333333,0.8016666666666666,0.8016666666666666
U2-B-wide,311,2200,final_only_finetune,200,1,0.0,0.0005,0.3058941066265106,0.3058941066265106,3.8378608072435387,0.815,271.27892707699993,0.475,0.5566666666666666,0.7116666666666667,0.795,0.815,0.8216666666666667,0.815
U2-B-wide,311,2400,final_only_finetune,400,1,0.0,0.0005,0.24760477244853973,0.24760477244853973,3.4319666594878027,0.8383333333333334,298.3230173850002,0.475,0.5466666666666666,0.7183333333333334,0.815,0.8383333333333334,0.8333333333333334,0.8383333333333334
U2-C-wide-time,311,1,learning,1,1,0.02,0.0012,1.0177634954452515,0.9985089302062988,15.82987857177453,0.5,0.7135211869999694,0.5,0.5,0.5,0.5,0.5,0.5,0.5
U2-C-wide-time,311,200,learning,200,1,0.02,0.0012,0.7002273201942444,0.686488151550293,0.801760613982855,0.5,23.670971996999924,0.5,0.48,0.49833333333333335,0.5,0.5,0.5,0.5
U2-C-wide-time,311,400,learning,400,1,0.02,0.0012,0.6995945572853088,0.6858813166618347,0.2116829203320223,0.5,46.997747824999806,0.5,0.5066666666666667,0.5,0.5,0.5,0.5,0.5
U2-C-wide-time,311,600,learning,600,1,0.02,0.0012,0.7138142585754395,0.6995635032653809,0.31756803551500096,0.5,69.20383350700013,0.5,0.5116666666666667,0.5083333333333333,0.5083333333333333,0.505,0.5066666666666667,0.5
U2-C-wide-time,311,800,learning,800,1,0.02,0.0012,0.7035149931907654,0.689689040184021,0.8384702331197057,0.51,96.16737259499996,0.5,0.49333333333333335,0.5116666666666667,0.51,0.5083333333333333,0.5083333333333333,0.51
U2-C-wide-time,311,1000,learning,1000,1,0.02,0.0012,0.7170889973640442,0.7029308080673218,0.32590280828859736,0.5283333333333333,119.44803247699974,0.5,0.505,0.5383333333333333,0.5616666666666666,0.555,0.5216666666666666,0.5283333333333333
U2-C-wide-time,311,1200,learning,1200,1,0.02,0.0012,0.5841009616851807,0.5716466307640076,0.7032985969971816,0.6916666666666667,143.13143274899994,0.5,0.5116666666666667,0.6483333333333333,0.68,0.6916666666666667,0.6933333333333334,0.6916666666666667
U2-C-wide-time,311,1400,learning,1400,1,0.02,0.0012,0.6042991280555725,0.5916000604629517,2.011874391121658,0.7283333333333334,166.97939496699973,0.5,0.4766666666666667,0.6783333333333333,0.7066666666666667,0.72,0.7333333333333333,0.7283333333333334
U2-C-wide-time,311,1600,learning,1600,1,0.02,0.0012,0.5816697478294373,0.5692387819290161,1.0379988598165613,0.73,192.47707164599979,0.5,0.51,0.625,0.7066666666666667,0.7133333333333334,0.7183333333333334,0.73
U2-C-wide-time,311,1800,learning,1800,1,0.02,0.0012,0.5536166429519653,0.5423745512962341,7.271245140366155,0.7283333333333334,217.5844094439999,0.5,0.455,0.6633333333333333,0.7,0.7233333333333334,0.7283333333333334,0.7283333333333334
U2-C-wide-time,311,2000,learning,2000,1,0.02,0.0012,0.5477913618087769,0.536177396774292,0.760253228923972,0.7316666666666667,241.75150633500016,0.5,0.49166666666666664,0.6566666666666666,0.7383333333333333,0.7366666666666667,0.7333333333333333,0.7316666666666667
U2-C-wide-time,311,2001,final_only_finetune,1,1,0.0,0.0005,0.5372092723846436,0.5372092723846436,0.3771528703325467,0.74,242.4564849369999,0.475,0.4683333333333333,0.6483333333333333,0.73,0.7366666666666667,0.7383333333333333,0.74
U2-C-wide-time,311,2200,final_only_finetune,200,1,0.0,0.0005,0.40787267684936523,0.40787267684936523,0.461117376688434,0.755,274.95044584200014,0.475,0.4633333333333333,0.6666666666666666,0.745,0.7516666666666667,0.755,0.755
U2-C-wide-time,311,2400,final_only_finetune,400,1,0.0,0.0005,0.468406617641449,0.468406617641449,2.8238006163755585,0.7566666666666667,299.86176319100014,0.475,0.46166666666666667,0.6816666666666666,0.73,0.755,0.755,0.7566666666666667
