candidate_id,residual_scale,transition,seed,step,phase,phase_step,phase_chain_hops,auxiliary_loss_weight,learning_rate,loss,final_loss,grad_norm,validation_final_accuracy,elapsed_seconds,validation_accuracy_layer_0,validation_accuracy_layer_1,validation_accuracy_layer_2,validation_accuracy_layer_3,validation_accuracy_layer_4,validation_accuracy_layer_5,validation_accuracy_layer_6
U4-B-residual-half,0.5,abrupt,709,1,low_auxiliary_learning,1,1,0.02,0.0012,0.7469556927680969,0.7294584512710571,9.05768550296942,0.48,0.7174110480000309,0.52,0.475,0.48,0.48,0.48,0.48,0.48
U4-B-residual-half,0.5,abrupt,709,200,low_auxiliary_learning,200,1,0.02,0.0012,0.738046407699585,0.7234324216842651,1.5635732528505302,0.52,23.099987435000003,0.52,0.5,0.52,0.52,0.52,0.52,0.52
U4-B-residual-half,0.5,abrupt,709,400,low_auxiliary_learning,400,1,0.02,0.0012,0.702187716960907,0.6883768439292908,0.13257218807686097,0.52,45.720078866999756,0.52,0.5116666666666667,0.52,0.5333333333333333,0.5283333333333333,0.5233333333333333,0.52
U4-B-residual-half,0.5,abrupt,709,600,low_auxiliary_learning,600,1,0.02,0.0012,0.7096689343452454,0.6953576803207397,0.26058376147354406,0.5216666666666666,68.63915582499976,0.48,0.49,0.5133333333333333,0.5166666666666667,0.52,0.525,0.5216666666666666
U4-B-residual-half,0.5,abrupt,709,800,low_auxiliary_learning,800,1,0.02,0.0012,0.5398575067520142,0.5266792178153992,2.3200798192945964,0.71,91.01578234499993,0.52,0.48,0.5516666666666666,0.5883333333333334,0.655,0.685,0.71
U4-B-residual-half,0.5,abrupt,709,1000,low_auxiliary_learning,1000,1,0.02,0.0012,0.5422873497009277,0.5299661755561829,0.6165179193978856,0.755,114.0793174800001,0.52,0.48,0.59,0.6883333333333334,0.7416666666666667,0.7533333333333333,0.755
U4-B-residual-half,0.5,abrupt,709,1200,low_auxiliary_learning,1200,1,0.02,0.0012,0.5739888548851013,0.5623576641082764,3.3661383390898094,0.755,138.11528472499958,0.48,0.505,0.6,0.6966666666666667,0.7466666666666667,0.7566666666666667,0.755
U4-B-residual-half,0.5,abrupt,709,1400,low_auxiliary_learning,1400,1,0.02,0.0012,0.43941566348075867,0.4272480905056,0.6175070332344289,0.7583333333333333,161.434391537,0.48,0.5116666666666667,0.6016666666666667,0.6416666666666667,0.715,0.745,0.7583333333333333
U4-B-residual-half,0.5,abrupt,709,1600,low_auxiliary_learning,1600,1,0.02,0.0012,0.5432954430580139,0.5304840803146362,4.979876829156012,0.75,184.19990206199964,0.52,0.4633333333333333,0.54,0.675,0.7266666666666667,0.7316666666666667,0.75
U4-B-residual-half,0.5,abrupt,709,1800,low_auxiliary_learning,1800,1,0.02,0.0012,0.41318178176879883,0.40276002883911133,5.280977918596727,0.7616666666666667,208.3321842059995,0.48,0.455,0.5983333333333334,0.73,0.75,0.7533333333333333,0.7616666666666667
U4-B-residual-half,0.5,abrupt,709,2000,low_auxiliary_learning,2000,1,0.02,0.0012,0.3455025851726532,0.3342554271221161,2.258918107070196,0.7683333333333333,231.6001501110004,0.48,0.4666666666666667,0.635,0.72,0.755,0.77,0.7683333333333333
U4-B-residual-half,0.5,abrupt,709,2001,final_only,1,1,0.0,0.0005,0.380950391292572,0.380950391292572,3.545422857262059,0.7983333333333333,232.30258815700017,0.44666666666666666,0.4816666666666667,0.6716666666666666,0.7516666666666667,0.8033333333333333,0.8083333333333333,0.7983333333333333
U4-B-residual-half,0.5,abrupt,709,2200,final_only,200,1,0.0,0.0005,0.3177143633365631,0.3177143633365631,2.656135926531985,0.83,258.4500024830004,0.44666666666666666,0.49833333333333335,0.6933333333333334,0.8083333333333333,0.8333333333333334,0.835,0.83
U4-B-residual-half,0.5,abrupt,709,2400,final_only,400,1,0.0,0.0005,0.24421477317810059,0.24421477317810059,3.0851488140723693,0.8633333333333333,283.02631442300026,0.44666666666666666,0.48833333333333334,0.6983333333333334,0.8116666666666666,0.865,0.8616666666666667,0.8633333333333333
U4-B-residual-half,0.5,abrupt,709,2600,final_only,600,1,0.0,0.0005,0.2082953155040741,0.2082953155040741,2.6672897469522523,0.8766666666666667,307.31325153800026,0.44666666666666666,0.4583333333333333,0.745,0.82,0.8633333333333333,0.8733333333333333,0.8766666666666667
U4-B-residual-half,0.5,abrupt,709,2800,final_only,800,1,0.0,0.0005,0.1928531378507614,0.1928531378507614,2.116966383236569,0.895,331.94365931500033,0.44666666666666666,0.46166666666666667,0.6833333333333333,0.795,0.8633333333333333,0.8933333333333333,0.895
U4-B-residual-half,0.5,abrupt,709,3000,final_only,1000,1,0.0,0.0005,0.2282487154006958,0.2282487154006958,5.9656668244966315,0.895,355.6760438579995,0.44666666666666666,0.47833333333333333,0.69,0.81,0.8716666666666667,0.8833333333333333,0.895
U4-B-residual-half,0.5,abrupt,709,3200,final_only,1200,1,0.0,0.0005,0.07380305230617523,0.07380305230617523,6.2192662306320265,0.9,379.07181279999986,0.44666666666666666,0.4866666666666667,0.6916666666666667,0.81,0.865,0.905,0.9
U4-B-residual-half,0.5,abrupt,709,3400,final_only,1400,1,0.0,0.0005,0.2301778495311737,0.2301778495311737,8.42240161846666,0.92,402.3257811459998,0.44666666666666666,0.48333333333333334,0.7,0.8233333333333334,0.88,0.9033333333333333,0.92
U4-B-residual-half,0.5,abrupt,709,3600,final_only,1600,1,0.0,0.0005,0.1790175437927246,0.1790175437927246,5.857939326234436,0.95,425.8145181099999,0.44666666666666666,0.4816666666666667,0.7183333333333334,0.855,0.9166666666666666,0.95,0.95
U4-B-residual-half,0.5,abrupt,709,3800,final_only,1800,1,0.0,0.0005,0.05333290621638298,0.05333290621638298,3.1645362024684376,0.9416666666666667,450.01288536500033,0.44666666666666666,0.48833333333333334,0.72,0.8333333333333334,0.915,0.945,0.9416666666666667
U4-B-residual-half,0.5,abrupt,709,4000,final_only,2000,1,0.0,0.0005,0.07008972764015198,0.07008972764015198,33.39932596408202,0.955,474.4157129180003,0.44666666666666666,0.4816666666666667,0.7133333333333334,0.835,0.915,0.95,0.955
