seed,step,observer,arm,eligible,alias_of_ordered,alpha,validation_mse,train_mse,fitted_coefficients_including_intercept,test_r2,test_mae,test_mse,fit_seconds
503,2,cls_current,current_linear,True,False,100.0,0.9667698840796155,0.7756663842783746,37,0.13125024140889108,0.5344861959181606,0.7157436383254124,0.0017704963684082031
503,2,cls_current,current_dimension_control,True,False,100.0,0.9660973188139512,0.7735184555474197,73,0.13335048944514782,0.5347557970488354,0.7140132905975534,0.0026967525482177734
503,2,cls_current,current_rff,True,False,100.0,0.9544421118651246,0.741477872988747,73,0.1510277226465233,0.5227096898760858,0.6994494106287138,0.002179384231567383
503,2,cls_current,ordered_history,True,False,10.0,0.9449538573846483,0.7218831090919742,73,0.16553739742232487,0.5256768363213987,0.6874952117213174,0.002164602279663086
503,2,cls_current,shuffled_history,True,True,10.0,0.9449538573846483,0.7218831090919742,73,0.16553739742232487,0.5256768363213987,0.6874952117213174,2.7894973754882812e-05
503,2,cls_current,sample_mismatched_history,True,False,100.0,0.9734229629379035,0.767611684971019,73,0.12427032917009062,0.5369752999771294,0.7214942330525903,0.0021140575408935547
503,2,cls_current,residualized_history,True,False,100.0,0.9447359575441483,0.7255940371224348,73,0.1607151882419623,0.5239839582564266,0.6914681228034643,0.0024785995483398438
503,2,full_current,current_linear,True,False,100.0,0.8030342190134442,0.5552063430097793,389,0.251936772705428,0.5286090246097899,0.6163126846441769,0.03159070014953613
503,2,full_current,current_dimension_control,True,False,100.0,0.802649201111043,0.554167174701109,425,0.2523077076775391,0.5292291031318136,0.6160070795560656,0.037995100021362305
503,2,full_current,current_rff,True,False,100.0,0.7946335248265826,0.5429634462024429,425,0.2517812041695008,0.5290594344391996,0.6164408541070313,0.03672385215759277
503,2,full_current,ordered_history,True,False,100.0,0.7871145660857812,0.5373670970665726,425,0.2667875566613639,0.525750279967664,0.6040774534564937,0.03655123710632324
503,2,full_current,shuffled_history,True,True,100.0,0.7871145660857812,0.5373670970665726,425,0.2667875566613639,0.525750279967664,0.6040774534564937,3.218650817871094e-05
503,2,full_current,sample_mismatched_history,True,False,100.0,0.8127725424681662,0.5497066481823317,425,0.2484283407820823,0.5283313150898405,0.6192032038124411,0.0378110408782959
503,2,full_current,residualized_history,True,False,100.0,0.7980791404607923,0.5263416230295769,425,0.25375667554835535,0.5321145253338541,0.6148133070969439,0.03770256042480469
503,3,cls_current,current_linear,True,False,1.0,0.4101132600743794,0.30699180305738066,37,0.1583603235368043,0.23773206292462357,0.2281078829002871,0.0014319419860839844
503,3,cls_current,current_dimension_control,True,False,10.0,0.41011192055479556,0.3070098774817056,109,0.15928106453080293,0.23670521736559033,0.22785833634881852,0.004183769226074219
503,3,cls_current,current_rff,True,False,1.0,0.3868357616273035,0.2781322661153476,109,0.170872720224993,0.24791453856148452,0.2247166735759533,0.004227638244628906
503,3,cls_current,ordered_history,True,False,0.01,0.36713255166517655,0.2673207076934516,109,0.23742764642114111,0.24645669243816865,0.206678427832851,0.0037784576416015625
503,3,cls_current,shuffled_history,True,False,0.01,0.3761452959034118,0.27392301105582195,109,0.2070143085032029,0.2478013199882575,0.21492129270531676,0.003910541534423828
503,3,cls_current,sample_mismatched_history,True,False,10.0,0.41609116794973594,0.30097918656206835,109,0.14888466707414427,0.24141118342747964,0.23067605072225922,0.0036880970001220703
503,3,cls_current,residualized_history,True,False,0.01,0.3671254270860178,0.26732068890484334,109,0.23741903886309923,0.24647157138258724,0.20668076072173064,0.003611326217651367
503,3,full_current,current_linear,True,False,10.0,0.3471675585043134,0.21264445206374907,389,0.19391059326446758,0.2801625599752241,0.2184727658889445,0.033722639083862305
503,3,full_current,current_dimension_control,True,False,10.0,0.3474031425643229,0.21240470336027606,461,0.19195397940473058,0.2812396807505493,0.2190030629479823,0.044531822204589844
503,3,full_current,current_rff,True,False,10.0,0.3405356542125037,0.20009946963885888,461,0.20308804254066737,0.2818654292342294,0.21598542055178552,0.043462514877319336
503,3,full_current,ordered_history,True,False,10.0,0.3301420671988077,0.19550129769642957,461,0.22901582311366053,0.27852973036245077,0.20895826712710105,0.04246163368225098
503,3,full_current,shuffled_history,True,False,10.0,0.3325084607839385,0.1984325691293995,461,0.2186570463467279,0.27912258808993734,0.21176578524182604,0.04357600212097168
503,3,full_current,sample_mismatched_history,True,False,10.0,0.3522717173028619,0.20819362420519258,461,0.18104955258558397,0.2844446088460712,0.22195846748215223,0.0431368350982666
503,3,full_current,residualized_history,True,False,10.0,0.3276333762283872,0.19311684516158517,461,0.2209248504564596,0.2852092691165214,0.2111511469247765,0.04265165328979492
503,4,cls_current,current_linear,True,False,0.01,0.10057667533650588,0.0726616424302105,37,0.1782351709383757,0.07868599584735264,0.03606716392372525,0.0013670921325683594
503,4,cls_current,current_dimension_control,True,False,0.01,0.10057657372853278,0.07266164239060803,145,0.17822932146497106,0.07868794338148512,0.03606742065644085,0.00616765022277832
503,4,cls_current,current_rff,True,False,10.0,0.09368136913981609,0.06050770459560255,145,0.08339292126551234,0.09369941271058908,0.04022977936414527,0.006074666976928711
503,4,cls_current,ordered_history,True,False,0.1,0.08464045555097557,0.059262953792823245,145,0.1748854596378141,0.0967273654904496,0.0362141823678128,0.0059354305267333984
503,4,cls_current,shuffled_history,True,False,0.01,0.09603538612018331,0.06542927207478441,145,0.14004343548091536,0.09644468108224456,0.037743394804582865,0.0061473846435546875
503,4,cls_current,sample_mismatched_history,True,False,10.0,0.10260164485344177,0.07046398118090058,145,0.14702194636547583,0.08464554669967186,0.03743710876371597,0.006201505661010742
503,4,cls_current,residualized_history,True,False,1.0,0.08462804093349453,0.059232293412508116,145,0.17081938517344353,0.09726209111867234,0.03639264190884717,0.006054401397705078
503,4,full_current,current_linear,True,False,10.0,0.09764982514165893,0.059160182674588564,389,0.02013074844681828,0.11407619728128773,0.043006348860102336,0.03252720832824707
503,4,full_current,current_dimension_control,True,False,10.0,0.09761841397154074,0.05907742768376565,497,0.014375955103366311,0.115122738998569,0.043258926078699605,0.04735422134399414
503,4,full_current,current_rff,True,False,100.0,0.10011127237762754,0.05807575005005255,497,0.09792928956726044,0.10230572737648044,0.039591779829663526,0.04920172691345215
503,4,full_current,ordered_history,True,False,1.0,0.0890957367823702,0.050208392568381735,497,-3.604862532013975e-05,0.12550648613300178,0.043891467266359625,0.04856085777282715
503,4,full_current,shuffled_history,True,False,10.0,0.09572773290564555,0.05476341179392053,497,0.017691855836111547,0.11973301558910657,0.04311339157654856,0.05090045928955078
503,4,full_current,sample_mismatched_history,True,False,10.0,0.09879532557186613,0.05706931660468481,497,-0.008480525695785612,0.11901898244066945,0.044262094394681,0.049471139907836914
503,4,full_current,residualized_history,True,False,10.0,0.08854240939675102,0.050022365144644414,497,0.0359538938607985,0.1204298467402303,0.04231187282602012,0.049457550048828125
503,5,cls_current,current_linear,False,False,100.0,0.009943805971779738,0.010715015698833987,37,0.17800481641203403,0.01687954081494613,0.0033964586326008335,0.0013680458068847656
503,5,cls_current,current_dimension_control,False,False,100.0,0.009945104332144274,0.010676677753970156,181,0.1589312999015886,0.01890272012710035,0.003475269811911137,0.007756471633911133
503,5,cls_current,current_rff,False,False,100.0,0.01007325988981817,0.00877406693159826,181,-0.04155278947683727,0.02797072738332534,0.0043036638580857415,0.00868678092956543
503,5,cls_current,ordered_history,False,False,1.0,0.006930321580861754,0.008205266557421218,181,-0.04880578817636949,0.027506398760818507,0.004333633024009245,0.008678197860717773
503,5,cls_current,shuffled_history,False,False,100.0,0.009639890686922791,0.009894009700759949,181,0.06045376383666501,0.02650491279472811,0.0038821759400285843,0.008973360061645508
503,5,cls_current,sample_mismatched_history,False,False,100.0,0.010154258938960355,0.010419653925922666,181,0.13811399388219336,0.020543706128673223,0.0035612862754486043,0.008920669555664062
503,5,cls_current,residualized_history,False,False,100.0,0.006931589267783013,0.008274570362261223,181,-0.021031889602907805,0.0259960861864479,0.004218872135558468,0.008529186248779297
503,5,full_current,current_linear,False,False,100.0,0.011060521230493548,0.009337500606190909,389,-0.003773852552472423,0.030244724133540683,0.004147562461132105,0.031635284423828125
503,5,full_current,current_dimension_control,False,False,100.0,0.011136283956636102,0.009285400560653058,533,-0.02452173688269399,0.03125577015088295,0.00423329207640064,0.05405139923095703
503,5,full_current,current_rff,False,False,100.0,0.011420289277205911,0.008519293654010617,533,-0.1199257337435089,0.034947626560452846,0.004627498435747101,0.058867692947387695
503,5,full_current,ordered_history,False,False,100.0,0.008676783174934893,0.00786644878709955,533,-0.03471579352634846,0.032025349287369706,0.004275413602633229,0.05811500549316406
503,5,full_current,shuffled_history,False,False,100.0,0.010937518116293225,0.008603104396816734,533,-0.1292391874890546,0.036283834507746054,0.004665981338086397,0.05805683135986328
503,5,full_current,sample_mismatched_history,False,False,100.0,0.011261172048208035,0.009082801596254114,533,-0.03676398314731433,0.032242357526752655,0.004283876658692716,0.05724930763244629
503,5,full_current,residualized_history,False,False,100.0,0.008178062787448277,0.00721837282106066,533,-0.2057293952539152,0.03578782351927963,0.004982036506850765,0.05847048759460449
607,2,cls_current,current_linear,True,False,100.0,0.1122700541901123,0.18022952179306947,37,0.2550170915153309,0.16634776850115038,0.14285436167375368,0.001504659652709961
607,2,cls_current,current_dimension_control,True,False,100.0,0.11436292352278767,0.17783883189404512,73,0.2595672392687338,0.1728380510322538,0.14198184708928385,0.002651214599609375
607,2,cls_current,current_rff,True,False,100.0,0.09714418041458883,0.15226170746373252,73,0.3256111705996273,0.16229601720543155,0.12931757849298736,0.0023903846740722656
607,2,cls_current,ordered_history,True,False,100.0,0.10633164245928337,0.17027656205913225,73,0.2799419664012356,0.16687442995751509,0.1380748868011468,0.002511262893676758
607,2,cls_current,shuffled_history,True,True,100.0,0.10633164245928337,0.17027656205913225,73,0.2799419664012356,0.16687442995751509,0.1380748868011468,2.8848648071289062e-05
607,2,cls_current,sample_mismatched_history,True,False,100.0,0.11397944675591204,0.17880958117879242,73,0.24526779691885747,0.16979161017761038,0.1447238398060527,0.0023233890533447266
607,2,cls_current,residualized_history,True,False,100.0,0.10272962288552914,0.16067970131606185,73,0.29820896062017055,0.17541706416428854,0.13457209530200756,0.0025949478149414062
607,2,full_current,current_linear,True,False,100.0,0.09236349056708136,0.12439555708922782,389,0.3647430927995112,0.1820105512712553,0.12181382813406695,0.0313868522644043
607,2,full_current,current_dimension_control,True,False,100.0,0.09249960331605685,0.12384885803770831,425,0.36622068759977155,0.1824666327857364,0.12153049161775278,0.0822913646697998
607,2,full_current,current_rff,True,False,100.0,0.09265269700883891,0.12072792086078213,425,0.3653232593600977,0.1888201375129501,0.12170257816747965,0.03753209114074707
607,2,full_current,ordered_history,True,False,10.0,0.0904260739251001,0.10691621824429155,425,0.38101010253855616,0.19242342438702484,0.11869454409929796,0.03641915321350098
607,2,full_current,shuffled_history,True,True,10.0,0.0904260739251001,0.10691621824429155,425,0.38101010253855616,0.19242342438702484,0.11869454409929796,2.9325485229492188e-05
607,2,full_current,sample_mismatched_history,True,False,100.0,0.09274132497694905,0.12343963276180797,425,0.35835782533691796,0.18389943846518547,0.12303823650249561,0.036168575286865234
607,2,full_current,residualized_history,True,False,100.0,0.09019884180919994,0.11897834238087564,425,0.3760708789348872,0.18188585072766766,0.11964166600911637,0.03810524940490723
607,3,cls_current,current_linear,False,False,100.0,0.0314732407114118,0.027883492637260695,37,0.08622943324444277,0.04286020012313173,0.03341925271391345,0.001421213150024414
607,3,cls_current,current_dimension_control,False,False,100.0,0.031626697913947135,0.027571081343449644,109,0.08004051100834342,0.047250606870133285,0.03364559963704683,0.004280805587768555
607,3,cls_current,current_rff,False,False,10.0,0.031176492430036607,0.02246688802837208,109,0.1477657177573921,0.05500262314378896,0.031168691448282684,0.0044443607330322266
607,3,cls_current,ordered_history,False,False,0.1,0.028596990611492408,0.023330416331534966,109,0.12865540147032273,0.061232559775124054,0.03186761140989623,0.004855632781982422
607,3,cls_current,shuffled_history,False,False,1.0,0.02950987428872587,0.024528732963165753,109,0.08818206662189454,0.06086007785743417,0.0333478392205566,0.0043942928314208984
607,3,cls_current,sample_mismatched_history,False,False,100.0,0.03149680448982023,0.027436054364816314,109,0.07936297392760694,0.04681595333058054,0.03367037914269952,0.004686594009399414
607,3,cls_current,residualized_history,False,False,100.0,0.02864483523915094,0.024281730902753776,109,0.13477723609766157,0.05378589690445751,0.03164371807613497,0.004473209381103516
607,3,full_current,current_linear,False,False,100.0,0.03191508669860352,0.024716400986048416,389,0.08041984094308974,0.05139684574144141,0.03363172643581618,0.032644033432006836
607,3,full_current,current_dimension_control,False,False,100.0,0.03197709029304557,0.024596911367534967,461,0.07915044822125417,0.05229128469674081,0.03367815182716453,0.04137063026428223
607,3,full_current,current_rff,False,False,100.0,0.03159534396604531,0.023230824805159006,461,0.0816417682804611,0.055252615824813195,0.03358703699191054,0.04277443885803223
607,3,full_current,ordered_history,False,False,10.0,0.030830524053776013,0.020735781863735855,461,0.10886020705768895,0.06503477612440403,0.03259157936056653,0.042313575744628906
607,3,full_current,shuffled_history,False,False,10.0,0.03111462992782816,0.021009092089005126,461,0.07939161545670526,0.06623644472315582,0.03366933163850769,0.044641971588134766
607,3,full_current,sample_mismatched_history,False,False,100.0,0.03173257781378383,0.024338308781283798,461,0.07830924969852204,0.053685454743509976,0.03370891690872496,0.042696475982666016
607,3,full_current,residualized_history,False,False,100.0,0.02947313410112902,0.021644543922942874,461,0.12283493737022899,0.06235294100996127,0.03208048274516362,0.04510092735290527
607,4,cls_current,current_linear,False,False,100.0,0.009875541191442402,0.007081416253824829,37,-0.003755633470483355,0.016352750787987723,0.017771904152322496,0.0013546943664550781
607,4,cls_current,current_dimension_control,False,False,100.0,0.00992912129586609,0.0070238778305408015,145,-0.0002655804044480181,0.01810751657917261,0.01771011133491967,0.0056650638580322266
607,4,cls_current,current_rff,False,False,100.0,0.01013979302376147,0.004341832748817491,145,0.051662529172599836,0.024074245116008967,0.01679070290975965,0.006247043609619141
607,4,cls_current,ordered_history,False,False,0.01,0.008986907212992055,0.005832922616297242,145,0.00844154378525186,0.030315659639257458,0.017555948138837082,0.006252288818359375
607,4,cls_current,shuffled_history,False,False,10.0,0.009846495602560207,0.0064416406965091474,145,-0.0073576400026154065,0.024688762667102588,0.01783567915164555,0.006256103515625
607,4,cls_current,sample_mismatched_history,False,False,100.0,0.009973074025193977,0.006921183425329915,145,-0.011924231022196752,0.019213470503177697,0.017916532513954718,0.006232261657714844
607,4,cls_current,residualized_history,False,False,10.0,0.008958592913462713,0.005952993354697625,145,0.012874586965261448,0.028367313098369255,0.01747745929566532,0.005995750427246094
607,4,full_current,current_linear,False,False,100.0,0.010135190960193543,0.006497971403930701,389,-0.006445980522497674,0.022365077772447946,0.017819537847567193,0.03118419647216797
607,4,full_current,current_dimension_control,False,False,100.0,0.01019485716468308,0.006455190992511592,497,-0.007799046095115392,0.0230061079876872,0.017843494427103618,0.10040903091430664
607,4,full_current,current_rff,False,False,100.0,0.010709042521473224,0.005587602868825611,497,-0.021016315843745526,0.029835597174686868,0.018077511595521286,0.051138877868652344
607,4,full_current,ordered_history,False,False,100.0,0.009823326271345212,0.006187030919849465,497,-0.0015078852299053036,0.024282759319217653,0.017732106850112606,0.04968762397766113
607,4,full_current,shuffled_history,False,False,100.0,0.01021445072430733,0.00621281198385395,497,-0.012704508328128084,0.02471469506977062,0.01793034764288734,0.048864126205444336
607,4,full_current,sample_mismatched_history,False,False,100.0,0.010213155385126751,0.006340920346676655,497,-0.014997487411017918,0.024454970498702253,0.01797094577566544,0.04865717887878418
607,4,full_current,residualized_history,False,False,100.0,0.009247391232272232,0.005615786749038529,497,-0.010114438798571435,0.0299523697603527,0.01788448940220382,0.05278944969177246
607,5,cls_current,current_linear,False,False,1.0,0.001540304109779854,0.0011758048052031538,37,0.03394984207404328,0.009568034516440784,0.006562897664043556,0.0013480186462402344
607,5,cls_current,current_dimension_control,False,False,0.1,0.0015406165454407434,0.0011756834610366091,181,0.03409489940825228,0.009714754502986537,0.006561912211650612,0.007871389389038086
607,5,cls_current,current_rff,False,False,100.0,0.0021621252061542547,0.0007196134536051474,181,-0.042706477545589205,0.012573582941560666,0.0070836652213368085,0.008886337280273438
607,5,cls_current,ordered_history,False,False,10.0,0.0015098773817844994,0.0010832204717123415,181,0.04816010329144815,0.011143882216469139,0.006466359726148717,0.008059501647949219
607,5,cls_current,shuffled_history,False,False,10.0,0.0015959716192441775,0.001081322496523222,181,0.03907157016100282,0.012030004247161883,0.006528103013867276,0.008545398712158203
607,5,cls_current,sample_mismatched_history,False,False,10.0,0.0015591191935796819,0.001154332908808665,181,0.02819286543995303,0.010121387191971745,0.006602007898842275,0.007891654968261719
607,5,cls_current,residualized_history,False,False,10.0,0.0018440207790516847,0.0009540063100105444,181,0.0945338661046754,0.013986082460742443,0.006151317844375984,0.007898092269897461
607,5,full_current,current_linear,False,False,1.0,0.0014515277034715718,0.0009524178543494008,389,0.020309537575833758,0.01558854596849934,0.006655563579776477,0.03143572807312012
607,5,full_current,current_dimension_control,False,False,1.0,0.0014538276691886715,0.0009508109271349771,533,0.01849872260326635,0.01578509072027644,0.006667865418615769,0.05783200263977051
607,5,full_current,current_rff,False,False,10.0,0.00154679093002781,0.0008876226595570587,533,0.016796858437704953,0.015475522764387217,0.006679427096097051,0.05808663368225098
607,5,full_current,ordered_history,False,False,1.0,0.001395842176237522,0.0008206508883777891,533,0.05220017394265386,0.01658688341164153,0.006438913355976495,0.06006932258605957
607,5,full_current,shuffled_history,False,False,10.0,0.0014945307113946036,0.00092073198825248,533,0.03398561071731143,0.014694624288338403,0.006562654668435693,0.057142019271850586
607,5,full_current,sample_mismatched_history,False,False,10.0,0.0014755289028567174,0.0009812271189232839,533,0.028384589966575113,0.013746552600590366,0.006600705411142662,0.05619454383850098
607,5,full_current,residualized_history,False,False,1.0,0.0015835554911443795,0.000726598323608611,533,0.08462497140028835,0.017908463073088923,0.0062186342889468255,0.05662846565246582
709,2,cls_current,current_linear,True,False,1.0,0.2540422070887888,0.24610696273180607,37,0.21121575077382726,0.23019650362394106,0.24534949103801257,0.0013840198516845703
709,2,cls_current,current_dimension_control,True,False,0.01,0.2540481420905476,0.2461047901714096,73,0.2111104965810484,0.23064071304537986,0.24538223010785737,0.012849092483520508
709,2,cls_current,current_rff,True,False,10.0,0.2387759544112551,0.2207984497394419,73,0.28607253240257546,0.24340513416913176,0.2220654646500936,0.0025665760040283203
709,2,cls_current,ordered_history,True,False,10.0,0.24191332022590697,0.22539937520079015,73,0.2724079510049563,0.23104502191634865,0.22631580065064436,0.0023403167724609375
709,2,cls_current,shuffled_history,True,True,10.0,0.24191332022590697,0.22539937520079015,73,0.2724079510049563,0.23104502191634865,0.22631580065064436,3.981590270996094e-05
709,2,cls_current,sample_mismatched_history,True,False,10.0,0.2532526546497895,0.24321560448290028,73,0.19990578455958852,0.23151916984149312,0.2488674295072998,0.0024013519287109375
709,2,cls_current,residualized_history,True,False,100.0,0.24441369774244293,0.22611282494301513,73,0.2790746018004563,0.22659190957060432,0.2242421545538711,0.002443552017211914
709,2,full_current,current_linear,True,False,10.0,0.21307713154053318,0.1666321334095233,389,0.38176258943056884,0.25874813436328825,0.19230129680286684,0.030898094177246094
709,2,full_current,current_dimension_control,True,False,10.0,0.21314296147811174,0.16640980004213468,425,0.3816876319740651,0.25936718467266123,0.19232461214393856,0.06048727035522461
709,2,full_current,current_rff,True,False,10.0,0.20849981942311213,0.1602811174326939,425,0.3884691632617844,0.2605383169038697,0.190215232739453,0.03856229782104492
709,2,full_current,ordered_history,True,False,10.0,0.198747051739553,0.1522646257624622,425,0.42069217396255987,0.2534249309565053,0.18019234082331284,0.03590202331542969
709,2,full_current,shuffled_history,True,True,10.0,0.198747051739553,0.1522646257624622,425,0.42069217396255987,0.2534249309565053,0.18019234082331284,2.9802322387695312e-05
709,2,full_current,sample_mismatched_history,True,False,10.0,0.212758906472973,0.16379055285935515,425,0.37011439150049374,0.26349231221910363,0.19592444145421814,0.035898685455322266
709,2,full_current,residualized_history,True,False,10.0,0.20196000195737918,0.14791890768438778,425,0.416617040211691,0.2612381397293301,0.18145990162041087,0.035874366760253906
709,3,cls_current,current_linear,True,False,100.0,0.044779117977341076,0.018974861843497833,37,0.09267246368577331,0.030513948757077178,0.020514734975221497,0.0014696121215820312
709,3,cls_current,current_dimension_control,True,False,100.0,0.04475848308563932,0.018918817102292936,109,0.08717789291444877,0.03281358180448103,0.020638967579947917,0.0047359466552734375
709,3,cls_current,current_rff,True,False,100.0,0.04503954610608246,0.01658384827026408,109,0.08239219900643935,0.04150116099084426,0.020747172432403035,0.0037119388580322266
709,3,cls_current,ordered_history,True,False,0.01,0.04331487218587651,0.017263054617727525,109,0.08219313766946146,0.043561174905651825,0.020751673222259476,0.003725290298461914
709,3,cls_current,shuffled_history,True,False,100.0,0.044258202267309296,0.018184726901904404,109,0.08543596969537459,0.033912116249131985,0.020678352577929632,0.0038299560546875
709,3,cls_current,sample_mismatched_history,True,False,100.0,0.044825012451178495,0.0186951423906182,109,0.08989027344600209,0.033689095500927024,0.020577640478620422,0.0036416053771972656
709,3,cls_current,residualized_history,True,False,1.0,0.043309958476962625,0.017263304766569152,109,0.08265525707814214,0.043444383369146564,0.020741224672186257,0.0036725997924804688
709,3,full_current,current_linear,True,False,100.0,0.040936353911146035,0.015980303239615953,389,0.08698580295387082,0.04736077788677044,0.02064331074652772,0.03274083137512207
709,3,full_current,current_dimension_control,True,False,100.0,0.04090437283005365,0.01590197474255357,461,0.08750688229220382,0.04804981628644086,0.020631529108586486,0.05076098442077637
709,3,full_current,current_rff,True,False,100.0,0.0405789812374807,0.01523159927369407,461,0.0877294277050279,0.050856940751399564,0.02062649734223827,0.0424351692199707
709,3,full_current,ordered_history,True,False,0.01,0.04067093458302474,0.01356266127815527,461,0.017335908068005446,0.06620476892392278,0.022218099428065897,0.043395280838012695
709,3,full_current,shuffled_history,True,False,100.0,0.04101059550922948,0.01541125579837818,461,0.08207806885100566,0.04936465080534362,0.02075427493577533,0.044748544692993164
709,3,full_current,sample_mismatched_history,True,False,100.0,0.040969365470886816,0.01574387654907973,461,0.08211807350669331,0.04887909112224814,0.020753370427892166,0.043890953063964844
709,3,full_current,residualized_history,True,False,10.0,0.0403520962408028,0.013760788362872294,461,0.04971654437979134,0.061542962790278155,0.021485971121937574,0.04474759101867676
709,4,cls_current,current_linear,False,False,100.0,0.002867509506359257,0.0007810994264033616,37,-0.5403467904670782,0.006035794983052888,0.0074254394304532016,0.001409292221069336
709,4,cls_current,current_dimension_control,False,False,100.0,0.003700860195533058,0.000766639506766538,145,-0.6543339954626615,0.0062048684484190784,0.007974929384130906,0.005973339080810547
709,4,cls_current,current_rff,False,False,0.1,0.001892924801394999,0.000486436764383922,145,-0.40760776081333927,0.01313094402606917,0.006785553898928127,0.005979299545288086
709,4,cls_current,ordered_history,False,False,100.0,0.002669538288598586,0.0007481030156785963,145,-0.49867781537856715,0.006832521876141796,0.007224568787190472,0.006108760833740234
709,4,cls_current,shuffled_history,False,False,100.0,0.0028458045637279354,0.0007501575999117566,145,-0.5367370412368488,0.007687532948321766,0.007408038170922506,0.007043123245239258
709,4,cls_current,sample_mismatched_history,False,False,100.0,0.0028242256818751103,0.000766563394620664,145,-0.5369371092473822,0.006836691671277523,0.007409002624449062,0.006305694580078125
709,4,cls_current,residualized_history,False,False,100.0,0.0024696076368852025,0.0007402170888198203,145,-0.47321442373634737,0.007640562774661173,0.007101819239164422,0.005993843078613281
709,4,full_current,current_linear,False,False,100.0,0.0027236470459670054,0.0007094440027341692,389,-0.5142123365031239,0.008984987032732202,0.0072994549403641446,0.031114578247070312
709,4,full_current,current_dimension_control,False,False,100.0,0.0028149439553906714,0.0007057803388772718,497,-0.5274806250920798,0.009176866619681076,0.007363416428694439,0.05862236022949219
709,4,full_current,current_rff,False,False,100.0,0.0023598910878202465,0.0006397610150454491,497,-0.46470995623039446,0.010559204505849277,0.0070608223618738464,0.04938650131225586
709,4,full_current,ordered_history,False,False,100.0,0.002573547444076703,0.0006828893277873315,497,-0.4796103986160982,0.009152873448917756,0.0071326518570932,0.04795193672180176
709,4,full_current,shuffled_history,False,False,100.0,0.002702687837963902,0.0006797773059174928,497,-0.5096481856952217,0.010099075872667083,0.007277452865516276,0.0498042106628418
709,4,full_current,sample_mismatched_history,False,False,100.0,0.0026831452857159115,0.0006963061865240535,497,-0.5098008841235171,0.009301468058692895,0.0072781889678910465,0.049034833908081055
709,4,full_current,residualized_history,False,False,100.0,0.002332490295692002,0.0006665982264555706,497,-0.45740283239015334,0.010251646253842676,0.007025597433421159,0.049301862716674805
709,5,cls_current,current_linear,False,False,100.0,2.1162942160476896e-05,1.7357204630799224e-07,37,0.0711574878798924,0.0007946849812046677,0.00048755197687938025,0.001392364501953125
709,5,cls_current,current_dimension_control,False,False,100.0,2.2815028165832406e-05,4.568697824263598e-08,181,0.08490942492183118,0.0007121116043893043,0.00048033354748663616,0.007665395736694336
709,5,cls_current,current_rff,False,False,100.0,2.057389790536898e-05,6.034733070551878e-08,181,0.06987400593415771,0.0008096679207997312,0.0004882256800656218,0.009333610534667969
709,5,cls_current,ordered_history,False,False,100.0,2.0476158111099305e-05,1.382574369691818e-07,181,0.07642182313851387,0.0007725243786025532,0.00048478871289349927,0.00867915153503418
709,5,cls_current,shuffled_history,False,False,100.0,2.0909168044144513e-05,1.6294323498325147e-07,181,0.07007227828694718,0.000804852275351175,0.0004881216063649657,0.007896661758422852
709,5,cls_current,sample_mismatched_history,False,False,100.0,2.110118266059879e-05,1.7144961202505903e-07,181,0.07109411419771294,0.0008022331192166801,0.0004875852418986117,0.007926702499389648
709,5,cls_current,residualized_history,False,False,100.0,2.1504678520770046e-05,1.6862795521034257e-07,181,0.07293848293428906,0.0007934094019960162,0.0004866171277006949,0.007831096649169922
709,5,full_current,current_linear,False,False,100.0,2.085082402579089e-05,1.5865905511406292e-07,389,0.07014981409769716,0.0008145634552701067,0.0004880809076056854,0.03316497802734375
709,5,full_current,current_dimension_control,False,False,100.0,2.1294451440413267e-05,1.450925872254853e-07,533,0.07136289010319241,0.000821706128777564,0.0004874441606901785,0.05398750305175781
709,5,full_current,current_rff,False,False,100.0,1.991304798511287e-05,1.3576432644460075e-07,533,0.07196066773482557,0.0008768758598169812,0.00048713038557520046,0.05586862564086914
709,5,full_current,ordered_history,False,False,100.0,1.998133132147626e-05,1.2433901374802325e-07,533,0.07655607653699392,0.0007991338861610615,0.00048471824291718184,0.05520439147949219
709,5,full_current,shuffled_history,False,False,100.0,2.0577252565019168e-05,1.481537346605506e-07,533,0.0692835236862066,0.000828207320130174,0.0004885356258137375,0.056038618087768555
709,5,full_current,sample_mismatched_history,False,False,100.0,2.0783978849518094e-05,1.5643217343728783e-07,533,0.07004891000954272,0.0008221346171865751,0.0004881338724377349,0.055544137954711914
709,5,full_current,residualized_history,False,False,100.0,2.118642472558213e-05,1.545550886031245e-07,533,0.0707908298676615,0.0008130426249692744,0.00048774443667355335,0.05610346794128418
811,2,cls_current,current_linear,True,False,100.0,0.36762529131714333,0.3554509723969893,37,0.02547943720326029,0.45528149985275873,0.3824118022288451,0.0014462471008300781
811,2,cls_current,current_dimension_control,True,False,100.0,0.3681661586933459,0.35451484580133014,73,0.023039996092908743,0.45590001217225584,0.38336906378601887,0.0025975704193115234
811,2,cls_current,current_rff,True,False,100.0,0.36860500079322506,0.3474460447330908,73,0.026293507024371054,0.4516579960904982,0.3820923529331446,0.002422809600830078
811,2,cls_current,ordered_history,True,False,100.0,0.36642076304910937,0.3508393442044646,73,0.026474161869176727,0.453630366866672,0.3820214621306096,0.002398967742919922
811,2,cls_current,shuffled_history,True,True,100.0,0.36642076304910937,0.3508393442044646,73,0.026474161869176727,0.453630366866672,0.3820214621306096,2.765655517578125e-05
811,2,cls_current,sample_mismatched_history,True,False,100.0,0.3738686854337922,0.3521850871986277,73,0.023432109399735834,0.45632206457081964,0.3832151945275691,0.002823352813720703
811,2,cls_current,residualized_history,True,False,100.0,0.3615699601888267,0.34766989344799143,73,0.03103796931077707,0.45178103983780304,0.3802305775711713,0.002578258514404297
811,2,full_current,current_linear,True,False,100.0,0.35784907306325364,0.303786793349346,389,0.04835848662051445,0.4426555754750966,0.37343383002903235,0.04318737983703613
811,2,full_current,current_dimension_control,True,False,100.0,0.35784697023401135,0.30314187411478155,425,0.04883575312460231,0.44243559345995165,0.3732465457880022,0.03912186622619629
811,2,full_current,current_rff,True,False,100.0,0.3621268255384931,0.2986435854231981,425,0.051619165566640146,0.4405506445766861,0.3721543063741399,0.04097104072570801
811,2,full_current,ordered_history,True,False,100.0,0.3566136366651706,0.3002437976941765,425,0.05337817278671586,0.4410160654512864,0.37146405401124233,0.04160046577453613
811,2,full_current,shuffled_history,True,True,100.0,0.3566136366651706,0.3002437976941765,425,0.05337817278671586,0.4410160654512864,0.37146405401124233,3.0040740966796875e-05
811,2,full_current,sample_mismatched_history,True,False,100.0,0.36540760280994244,0.30077917259500697,425,0.0452649593413702,0.4438459085637884,0.3746477616660074,0.044139862060546875
811,2,full_current,residualized_history,True,False,100.0,0.3592442896055061,0.29710352796920736,425,0.05347197963686068,0.44106126111235655,0.3714272432470627,0.038960933685302734
811,3,cls_current,current_linear,True,False,100.0,0.2585864785967061,0.22990716821952525,37,0.01728936299266859,0.3396037693459415,0.24287058397061642,0.0016620159149169922
811,3,cls_current,current_dimension_control,True,False,0.01,0.2586957424256703,0.2291925125260269,109,0.00928857723286225,0.3418324889136072,0.24484792647260203,0.004249095916748047
811,3,cls_current,current_rff,True,False,100.0,0.2493279942265257,0.21613411281912634,109,0.023542797200863386,0.336751390476129,0.24132508811377779,0.004411220550537109
811,3,cls_current,ordered_history,True,False,1.0,0.24688152220523737,0.2157499900266459,109,0.004237921699096536,0.3390739847941071,0.24609616335203147,0.003987312316894531
811,3,cls_current,shuffled_history,True,False,0.01,0.2551523522123334,0.22123599273183556,109,-0.004907332970540468,0.3427615317230521,0.2483563539498851,0.005003929138183594
811,3,cls_current,sample_mismatched_history,True,False,100.0,0.26315070825101844,0.227194135123525,109,0.009804158267409768,0.341456033775287,0.24472050395143544,0.003966808319091797
811,3,cls_current,residualized_history,True,False,10.0,0.246996803365808,0.21536871197223065,109,0.0037381669359893843,0.3395541737221909,0.24621967451247592,0.004391908645629883
811,3,full_current,current_linear,True,False,100.0,0.25066398305930354,0.19617427705716659,389,0.02976216457353631,0.3334032650609436,0.23978801165520924,0.03372478485107422
811,3,full_current,current_dimension_control,True,False,100.0,0.2510242985945498,0.19574644430604793,461,0.027399650926705155,0.3341601560905151,0.24037189163720657,0.04627203941345215
811,3,full_current,current_rff,True,False,100.0,0.24926074009986593,0.18656469298447084,461,0.021767604090564552,0.3350025114929394,0.24176381562025095,0.05836939811706543
811,3,full_current,ordered_history,True,False,100.0,0.24842520733679105,0.19095299134310026,461,0.03285688214357396,0.332944500382829,0.23902317220486188,0.04775714874267578
811,3,full_current,shuffled_history,True,False,100.0,0.25058053672050895,0.19173905795080565,461,0.02705493123153624,0.3341670442928971,0.24045708688239778,0.04699993133544922
811,3,full_current,sample_mismatched_history,True,False,100.0,0.25433862523525474,0.1938334363739807,461,0.020940128553311288,0.33470829443704064,0.24196832085239753,0.048383474349975586
811,3,full_current,residualized_history,True,False,100.0,0.2527884904182469,0.18633309908781043,461,0.027114291434307658,0.33477507576602034,0.24044241639184968,0.045220375061035156
811,4,cls_current,current_linear,True,False,10.0,0.10657150799378554,0.09342856603427808,37,-0.013595571593266298,0.19855310309486554,0.10244564672307656,0.0015933513641357422
811,4,cls_current,current_dimension_control,True,False,100.0,0.10659678506249236,0.09350109378399014,145,-0.011392342771866293,0.19805982922826768,0.10222296303363182,0.006470441818237305
811,4,cls_current,current_rff,True,False,100.0,0.10343320697007163,0.08555973582136886,145,-0.01061967184842616,0.19656044441318465,0.10214486800769211,0.0061762332916259766
811,4,cls_current,ordered_history,True,False,10.0,0.10199865980735634,0.08674503799362884,145,-0.03165284907213928,0.19812148101046467,0.10427072323408909,0.006267547607421875
811,4,cls_current,shuffled_history,True,False,1.0,0.10536882722348441,0.08852426794598948,145,-0.035226966819469796,0.20248591633958873,0.10463196475324267,0.007164716720581055
811,4,cls_current,sample_mismatched_history,True,False,100.0,0.10885258617933316,0.09236161160763022,145,-0.010211199181579866,0.19821628957391002,0.10210358305371585,0.007715940475463867
811,4,cls_current,residualized_history,True,False,100.0,0.10257771840445987,0.08665728322618982,145,-0.02942630788527545,0.19668081881620633,0.10404568332839446,0.006796360015869141
811,4,full_current,current_linear,True,False,100.0,0.10568267865036793,0.08134861950389913,389,-0.029006102423701385,0.20124953659422062,0.10400321252300228,0.0341801643371582
811,4,full_current,current_dimension_control,True,False,100.0,0.10601176857239113,0.08104937255590422,497,-0.029778357166784897,0.2014560105345535,0.10408126548496005,0.050878286361694336
811,4,full_current,current_rff,True,False,100.0,0.10715898434605427,0.07775895695329713,497,-0.04654142774136383,0.20364670076462016,0.10577553453487105,0.05423712730407715
811,4,full_current,ordered_history,True,False,100.0,0.1044041522318957,0.07879534387734392,497,-0.03776170102655585,0.20148196446184313,0.10488815419644225,0.05032920837402344
811,4,full_current,shuffled_history,True,False,100.0,0.10642726214883787,0.07859837636934641,497,-0.03611463083566302,0.20266771441609543,0.10472168230604215,0.05141878128051758
811,4,full_current,sample_mismatched_history,True,False,100.0,0.10803217041861174,0.07983455453408139,497,-0.03713610079412111,0.2029792541714075,0.10482492382902743,0.0518796443939209
811,4,full_current,residualized_history,True,False,100.0,0.10564926767733672,0.07702538252324125,497,-0.05994372607407317,0.20287468422323593,0.1071301252204951,0.05467367172241211
811,5,cls_current,current_linear,False,False,100.0,0.02050910119362242,0.016963976783458273,37,-0.018934793068152933,0.07953281022071387,0.019757222683965615,0.001790761947631836
811,5,cls_current,current_dimension_control,False,False,100.0,0.02054301789136002,0.016901307471329743,181,-0.0258569630283374,0.08030093475674176,0.019891444082910888,0.010157585144042969
811,5,cls_current,current_rff,False,False,100.0,0.020259925507325964,0.0155041582001027,181,-0.03996362505302398,0.08139462699743302,0.02016497332623955,0.008620262145996094
811,5,cls_current,ordered_history,False,False,100.0,0.020140938409395223,0.016172863028682392,181,-0.03323211004929383,0.08089212850783754,0.020034448741316227,0.009344816207885742
811,5,cls_current,shuffled_history,False,False,100.0,0.02065125130588088,0.01634069863262852,181,-0.034660506580622696,0.08187149158121844,0.020062145458066363,0.008432626724243164
811,5,cls_current,sample_mismatched_history,False,False,100.0,0.02061639254392476,0.016632937619527523,181,-0.029926358866224634,0.08084202196049786,0.01997034997591337,0.009594440460205078
811,5,cls_current,residualized_history,False,False,100.0,0.020419708461982992,0.01566357808178006,181,-0.057545909816133056,0.08215140128840152,0.02050589515727413,0.010180950164794922
811,5,full_current,current_linear,False,False,100.0,0.02044487423237323,0.015004975464820696,389,-0.05481147800729613,0.08289100667509654,0.02045287431773774,0.03475499153137207
811,5,full_current,current_dimension_control,False,False,100.0,0.020505179879032207,0.014907096797383715,533,-0.0603751185795105,0.08334438191119566,0.020560753729125587,0.055475473403930664
811,5,full_current,current_rff,False,False,100.0,0.021131178305303852,0.014226403405215492,533,-0.08143787825809246,0.08431827780881757,0.020969162231946004,0.0621337890625
811,5,full_current,ordered_history,False,False,100.0,0.020321760700831165,0.01445938817836454,533,-0.06898979107573666,0.08369066268658512,0.020727792880222657,0.060422420501708984
811,5,full_current,shuffled_history,False,False,100.0,0.02063772273154953,0.01453412464953075,533,-0.07022912268800319,0.0839888511969862,0.020751823613896103,0.059827566146850586
811,5,full_current,sample_mismatched_history,False,False,100.0,0.020624355263649332,0.014666866140788146,533,-0.06690321036538349,0.0841446119505663,0.02068733392247289,0.06316423416137695
811,5,full_current,residualized_history,False,False,100.0,0.020852055880807085,0.013981812643595371,533,-0.09911622221954364,0.08629985914208345,0.021311946658099924,0.05912160873413086
907,2,cls_current,current_linear,True,False,100.0,0.36569925318594537,0.44173772260274174,37,0.04963608376535189,0.4957675285584084,0.45246425362827086,0.0014526844024658203
907,2,cls_current,current_dimension_control,True,False,100.0,0.3650744956617431,0.44072182108158764,73,0.049841588333090825,0.4956667299431605,0.45236641377001147,0.0025866031646728516
907,2,cls_current,current_rff,True,False,10.0,0.3519240191661685,0.4222585467635941,73,0.07638804943022681,0.4836869518979742,0.4397277555659242,0.004381656646728516
907,2,cls_current,ordered_history,True,False,10.0,0.3535723015206787,0.4201245201000727,73,0.06480449660585164,0.4889954296166942,0.44524263622743965,0.003239870071411133
907,2,cls_current,shuffled_history,True,True,10.0,0.3535723015206787,0.4201245201000727,73,0.06480449660585164,0.4889954296166942,0.44524263622743965,2.9087066650390625e-05
907,2,cls_current,sample_mismatched_history,True,False,100.0,0.37082139777534523,0.43747645651346134,73,0.04453855215013691,0.4978546736538893,0.45489116693824055,0.002993345260620117
907,2,cls_current,residualized_history,True,False,100.0,0.35375083364892596,0.4228880995054094,73,0.06801606195229704,0.48784656855166464,0.44371362350648635,0.005885124206542969
907,2,full_current,current_linear,True,False,100.0,0.3466086211296072,0.37541041650329726,389,0.08750174737284,0.48036618294827405,0.43443657083263,0.0405428409576416
907,2,full_current,current_dimension_control,True,False,100.0,0.3468940770506478,0.3748362878635557,425,0.08722454096771037,0.4804228581308106,0.4345685476333642,0.03619503974914551
907,2,full_current,current_rff,True,False,100.0,0.3422366574418889,0.3684839699898166,425,0.0904611041948693,0.47883165831964436,0.43302763352679835,0.044014692306518555
907,2,full_current,ordered_history,True,False,100.0,0.3402596513981623,0.367650459862331,425,0.09845576840247361,0.47545078475556657,0.42922140760438104,0.04665780067443848
907,2,full_current,shuffled_history,True,True,100.0,0.3402596513981623,0.367650459862331,425,0.09845576840247361,0.47545078475556657,0.42922140760438104,2.956390380859375e-05
907,2,full_current,sample_mismatched_history,True,False,100.0,0.35342025899318413,0.37140294579985794,425,0.08059179778147874,0.4826909146367651,0.4377263686995897,0.039194583892822266
907,2,full_current,residualized_history,True,False,100.0,0.34285357836939306,0.3651080062975262,425,0.095328872684176,0.4777229179384006,0.4307101094723544,0.038190364837646484
907,3,cls_current,current_linear,True,False,100.0,0.22293427353896295,0.2715820897235992,37,0.017069105639041404,0.3761122140299257,0.31319610818973276,0.0013887882232666016
907,3,cls_current,current_dimension_control,True,False,100.0,0.22287332324906092,0.27096657104847416,109,0.01649623385792298,0.3769763526751205,0.31337864514463704,0.003993511199951172
907,3,cls_current,current_rff,True,False,100.0,0.22055780100606012,0.2611016702749853,109,0.03921082031389522,0.3694537013439268,0.30614098467637507,0.004340410232543945
907,3,cls_current,ordered_history,True,False,100.0,0.2198216023041132,0.26325806861815154,109,0.016126921456523724,0.37541682237370605,0.31349632097260016,0.004103422164916992
907,3,cls_current,shuffled_history,True,False,100.0,0.22042485051988506,0.26541145811236366,109,0.01344376211714815,0.37670635373149036,0.3143512692375967,0.003975391387939453
907,3,cls_current,sample_mismatched_history,True,False,100.0,0.22627493751153668,0.26825896120842513,109,0.011839059321878564,0.37925995790510525,0.3148625835865127,0.0041925907135009766
907,3,cls_current,residualized_history,True,False,100.0,0.2232550196073675,0.25960779895489666,109,0.007178203908190461,0.3771546395653808,0.3163476948845467,0.004515171051025391
907,3,full_current,current_linear,True,False,100.0,0.22092339491827795,0.23737238533140684,389,0.014219368020090939,0.379696495225249,0.31410413411173554,0.03485560417175293
907,3,full_current,current_dimension_control,True,False,100.0,0.2211807244126735,0.2369276355880684,461,0.011673444369830754,0.3805325376007306,0.31491535429372824,0.04168224334716797
907,3,full_current,current_rff,True,False,100.0,0.22682217298105026,0.22872844118994012,461,0.013328413835410502,0.38145568454389706,0.3143880232282728,0.047110795974731445
907,3,full_current,ordered_history,True,False,100.0,0.21925063018151422,0.23170775601011648,461,0.021162677722436407,0.3789118801205881,0.311891753171014,0.04256391525268555
907,3,full_current,shuffled_history,True,False,100.0,0.22000298339861935,0.23226559204857103,461,0.014188215996616238,0.3817075017914587,0.31411406023428445,0.046277523040771484
907,3,full_current,sample_mismatched_history,True,False,100.0,0.2223208229167475,0.23429104034732398,461,0.009991528802185567,0.3822913375625034,0.3154512713282952,0.045438289642333984
907,3,full_current,residualized_history,True,False,100.0,0.22568908371640894,0.2255582465881276,461,0.010586148288447506,0.3808923492694845,0.31526180479507354,0.049967050552368164
907,4,cls_current,current_linear,True,False,100.0,0.08896122080700229,0.1000713571648738,37,-0.0040433926894667405,0.22403098500804047,0.12836660190499571,0.0013840198516845703
907,4,cls_current,current_dimension_control,True,False,100.0,0.08914759362904323,0.09986699147253592,145,-0.004500840599867217,0.22456577575291575,0.12842508646276904,0.005728006362915039
907,4,cls_current,current_rff,True,False,100.0,0.08900975846215121,0.09665491393034074,145,-0.0017232581385708823,0.2244729009849713,0.12806997350185162,0.005736589431762695
907,4,cls_current,ordered_history,True,False,100.0,0.08969623654451561,0.09667932955976141,145,-0.004813634942832268,0.22755098397867396,0.12846507711177274,0.0056955814361572266
907,4,cls_current,shuffled_history,True,False,100.0,0.0895839103494373,0.09677205043162453,145,-0.010376748686483639,0.22952407831929342,0.1291763192876419,0.005476236343383789
907,4,cls_current,sample_mismatched_history,True,False,100.0,0.09044581741947418,0.09815308027753927,145,-0.00996842369091877,0.2279840440651475,0.12912411507760957,0.005931377410888672
907,4,cls_current,residualized_history,True,False,100.0,0.09210461223089775,0.09452633581649779,145,-0.00831448366269516,0.23091958842740953,0.12891265941471336,0.006045818328857422
907,4,full_current,current_linear,True,False,100.0,0.09048964199290879,0.08817229920201405,389,-0.025912292788002667,0.23424404534646995,0.13116253324968521,0.03157401084899902
907,4,full_current,current_dimension_control,True,False,100.0,0.09089646129987275,0.08776236184383965,497,-0.02913580993422671,0.23520599566631953,0.1315746588064651,0.05217933654785156
907,4,full_current,current_rff,True,False,100.0,0.09210503721870529,0.0852775639819648,497,-0.037517089197929954,0.2381242351363489,0.1326462024733344,0.052321434020996094
907,4,full_current,ordered_history,True,False,100.0,0.0914038328816018,0.08575378725140854,497,-0.020363090911949877,0.2342162078338437,0.1304530697012965,0.0525054931640625
907,4,full_current,shuffled_history,True,False,100.0,0.09153693897080377,0.08596012730645831,497,-0.02497821347717788,0.23612178410706464,0.13104311153154696,0.05166053771972656
907,4,full_current,sample_mismatched_history,True,False,100.0,0.09206945509542563,0.08628341117309705,497,-0.031730978175198876,0.23648105678124182,0.13190645017214803,0.05124926567077637
907,4,full_current,residualized_history,True,False,100.0,0.09579255276784057,0.0833560877371858,497,-0.03661515004530602,0.23815327699567523,0.1325308898633512,0.0541231632232666
907,5,cls_current,current_linear,False,False,100.0,0.01624628985871295,0.019478980803894274,37,-0.010278372110968492,0.09476496280455664,0.024065526877570194,0.0014233589172363281
907,5,cls_current,current_dimension_control,False,False,100.0,0.016279943789672874,0.01945037651826997,181,-0.011171359232036826,0.09511288687700398,0.024086798446037495,0.007756710052490234
907,5,cls_current,current_rff,False,False,100.0,0.016272915852016463,0.018663815496399824,181,-0.030005898141251874,0.09685591200659605,0.024535450139331956,0.008137226104736328
907,5,cls_current,ordered_history,False,False,100.0,0.01670644398599437,0.018658132438778573,181,-0.025667701207782834,0.09669046412927287,0.02443211129947889,0.008030891418457031
907,5,cls_current,shuffled_history,False,False,100.0,0.016623691198334012,0.018791886072500933,181,-0.029684072515365312,0.0981408761727611,0.02452778403119437,0.008046865463256836
907,5,cls_current,sample_mismatched_history,False,False,100.0,0.016455477913372415,0.019117933604971403,181,-0.02264913324946005,0.0969798134780058,0.024360206931001712,0.008122920989990234
907,5,cls_current,residualized_history,False,False,100.0,0.017233654450469912,0.018117846651414516,181,-0.05179880672580017,0.09943032632841928,0.025054572236527826,0.008374214172363281
907,5,full_current,current_linear,False,False,100.0,0.01655409104283815,0.017315404886706794,389,-0.03570504112836281,0.10068348294965718,0.024671207651837005,0.03208208084106445
907,5,full_current,current_dimension_control,False,False,100.0,0.01663490843884692,0.01720838402836355,533,-0.03864258079598626,0.10106707265809863,0.024741181870603465,0.05454277992248535
907,5,full_current,current_rff,False,False,100.0,0.017216899257751644,0.016430491819537933,533,-0.06348115280819,0.10345530377117881,0.025332853769024048,0.05920600891113281
907,5,full_current,ordered_history,False,False,100.0,0.017015992860457713,0.01673898815120502,533,-0.04582691449034981,0.10059313626840972,0.02491231764901064,0.05960988998413086
907,5,full_current,shuffled_history,False,False,100.0,0.016856435486864992,0.016727792921853026,533,-0.05099079084233904,0.10217767465304624,0.02503532474148316,0.05726313591003418
907,5,full_current,sample_mismatched_history,False,False,100.0,0.016782337495435562,0.016964128680118363,533,-0.04798288203057588,0.10199119812820981,0.024963674281220892,0.059757232666015625
907,5,full_current,residualized_history,False,False,100.0,0.017973103710109527,0.016110328882752017,533,-0.07584292103677237,0.10317609768937502,0.025627319605145665,0.08407998085021973
1009,2,cls_current,current_linear,True,False,0.1,0.29342201978265975,0.3111023499001569,37,0.004918964751961852,0.38933867620348916,0.32455645399666566,0.0020265579223632812
1009,2,cls_current,current_dimension_control,True,False,10.0,0.2933468710647429,0.31129405505638025,73,0.007227051737517809,0.38813997159191055,0.3238036464352582,0.003479480743408203
1009,2,cls_current,current_rff,True,False,100.0,0.28382213699981235,0.30400183412492665,73,0.02120895496128905,0.38153021438244367,0.3192432973082139,0.002968311309814453
1009,2,cls_current,ordered_history,True,False,0.01,0.2849765781900885,0.295801080423089,73,0.021780259198575735,0.3820965924293596,0.3190569602453627,0.0028727054595947266
1009,2,cls_current,shuffled_history,True,True,0.01,0.2849765781900885,0.295801080423089,73,0.021780259198575735,0.3820965924293596,0.3190569602453627,2.8848648071289062e-05
1009,2,cls_current,sample_mismatched_history,True,False,100.0,0.2973663244359567,0.31203959475419873,73,0.004497722322182041,0.38850886469951995,0.32469384677618757,0.0023958683013916016
1009,2,cls_current,residualized_history,True,False,0.01,0.28497049969001537,0.2958010352536676,73,0.021742838050320068,0.38211152816138905,0.31906916555804793,0.0025267601013183594
1009,2,full_current,current_linear,True,False,100.0,0.27807758143522077,0.2620434461817867,389,0.013332798411069602,0.38951282243734203,0.32181219104702846,0.03482675552368164
1009,2,full_current,current_dimension_control,True,False,100.0,0.2774393933839565,0.2612867506346557,425,0.01124974699525938,0.39002966359821617,0.3224916008207657,0.03742623329162598
1009,2,full_current,current_rff,True,False,100.0,0.2780800136950423,0.259089840233791,425,0.02159591215198009,0.387859713990123,0.319117087030648,0.04011845588684082
1009,2,full_current,ordered_history,True,False,100.0,0.27608518694760104,0.25936995661985823,425,0.014777787926658736,0.3877622201323021,0.32134089207073446,0.04295229911804199
1009,2,full_current,shuffled_history,True,True,100.0,0.27608518694760104,0.25936995661985823,425,0.014777787926658736,0.3877622201323021,0.32134089207073446,2.9325485229492188e-05
1009,2,full_current,sample_mismatched_history,True,False,100.0,0.2804045339812227,0.26103479134501417,425,0.009504116820257091,0.39052174232878645,0.32306095700334747,0.0398707389831543
1009,2,full_current,residualized_history,True,False,100.0,0.2809083544286969,0.2567339109419031,425,0.014259445590650177,0.3868991600995501,0.3215099550360329,0.04011082649230957
1009,3,cls_current,current_linear,True,False,0.01,0.16205094716077237,0.1567809961327993,37,0.0036053148961648906,0.2656963077416198,0.1713482329630376,0.0015540122985839844
1009,3,cls_current,current_dimension_control,True,False,0.01,0.16205089192788458,0.15678099591190742,109,0.0036017576945699403,0.265697631468092,0.17134884468870887,0.006151676177978516
1009,3,cls_current,current_rff,True,False,10.0,0.15359416784477345,0.14539825312938873,109,-0.002487063126334954,0.26928279713183323,0.17239592844385948,0.004040718078613281
1009,3,cls_current,ordered_history,True,False,1.0,0.15970777240786502,0.14485726841102115,109,0.015225737853037824,0.26522643943903657,0.16934988936515322,0.00446629524230957
1009,3,cls_current,shuffled_history,True,False,100.0,0.1648429550183987,0.15226255742593114,109,0.011369230703398348,0.26315655540819366,0.17001308608366159,0.003893613815307617
1009,3,cls_current,sample_mismatched_history,True,False,10.0,0.16405854464361092,0.1544846809171712,109,-0.0015687554130987547,0.26742936487418595,0.1722380086894371,0.004853725433349609
1009,3,cls_current,residualized_history,True,False,10.0,0.1600765739521568,0.14411889270089287,109,0.009973746649764359,0.2662888616183857,0.1702530650099777,0.003858804702758789
1009,3,full_current,current_linear,True,False,100.0,0.16205788209365482,0.1373662457892711,389,-0.013388103971908816,0.2711576534263756,0.17427056117150425,0.03591513633728027
1009,3,full_current,current_dimension_control,True,False,100.0,0.16246419623455044,0.1367700328866379,461,-0.015431907943030065,0.27158275971885565,0.17462203052818592,0.04721236228942871
1009,3,full_current,current_rff,True,False,100.0,0.16060017950369027,0.1328763823546271,461,-0.015413051019271373,0.2731576055959998,0.174618787736335,0.045024871826171875
1009,3,full_current,ordered_history,True,False,100.0,0.16129565142129546,0.13490246914120857,461,-0.010794141637247234,0.2700581201097976,0.17382448205339796,0.04747176170349121
1009,3,full_current,shuffled_history,True,False,100.0,0.16208107102455607,0.134592683348042,461,-0.016101268402406443,0.27226960342512985,0.17473713926335296,0.047918081283569336
1009,3,full_current,sample_mismatched_history,True,False,100.0,0.16311770831149858,0.1358410494021436,461,-0.015774360059066295,0.2717113436833074,0.17468092141332864,0.050729990005493164
1009,3,full_current,residualized_history,True,False,100.0,0.16424859248103757,0.13045355422433091,461,-0.01731579280399176,0.2746097455889775,0.17494599887813547,0.045732975006103516
1009,4,cls_current,current_linear,False,False,10.0,0.057874324392734156,0.05186571683310296,37,0.0026507539096478627,0.15130587580520813,0.06384613548813149,0.0016040802001953125
1009,4,cls_current,current_dimension_control,False,False,100.0,0.05783961089648328,0.051940636371531845,145,0.004102548707993647,0.15075932021107297,0.06375319764538533,0.0068264007568359375
1009,4,cls_current,current_rff,False,False,100.0,0.058243260915942334,0.04967152720169588,145,-0.002057962219765175,0.15261279489202126,0.06414756783908793,0.007422447204589844
1009,4,cls_current,ordered_history,False,False,100.0,0.057021889475772296,0.05039435732756004,145,0.013002822592605656,0.15203120965677827,0.06318343926380939,0.007493019104003906
1009,4,cls_current,shuffled_history,False,False,100.0,0.058576137155382325,0.05041628168875694,145,0.0028446396407628693,0.15304968612192174,0.06383372373296498,0.0082244873046875
1009,4,cls_current,sample_mismatched_history,False,False,100.0,0.05873119635358579,0.05133744147212493,145,0.0012337365566624792,0.1516635331784538,0.06393684702399757,0.007242441177368164
1009,4,cls_current,residualized_history,False,False,100.0,0.058112077442545894,0.04827957469415945,145,0.030581435260744638,0.1544339313067003,0.062058129859402705,0.006066322326660156
1009,4,full_current,current_linear,False,False,100.0,0.0592881968003831,0.04674437187917049,389,-0.014878481294071877,0.15686567085902078,0.06496828395338297,0.0323786735534668
1009,4,full_current,current_dimension_control,False,False,100.0,0.0595304783460826,0.04644013229115079,497,-0.015929992102505786,0.1572920478636229,0.0650355972860051,0.05002570152282715
1009,4,full_current,current_rff,False,False,100.0,0.05968864376600511,0.04477913138389724,497,-0.0012734002199363825,0.15827447769038414,0.06409734345486519,0.05205106735229492
1009,4,full_current,ordered_history,False,False,100.0,0.05840941454736055,0.04578282762609218,497,-0.0059740094905904595,0.15731124128303256,0.06439825683856444,0.05226016044616699
1009,4,full_current,shuffled_history,False,False,100.0,0.059769891397030143,0.045604069892048855,497,-0.01909775737025088,0.1584382681783472,0.0652383843952067,0.07198262214660645
1009,4,full_current,sample_mismatched_history,False,False,100.0,0.05997093690577792,0.04585560660241415,497,-0.020942461984892136,0.15839037464886968,0.06535647468426407,0.05451512336730957
1009,4,full_current,residualized_history,False,False,100.0,0.05978291048791044,0.043798468037483385,497,-0.00014649572471236993,0.16057168211635803,0.0640252037331315,0.05484199523925781
1009,5,cls_current,current_linear,False,False,1.0,0.012912591065824174,0.010060749841543547,37,0.01206476972041326,0.065311633296119,0.012993031248283417,0.0014712810516357422
1009,5,cls_current,current_dimension_control,False,False,10.0,0.012912273898753584,0.01006143714071689,181,0.01205773353591344,0.06525590010722004,0.01299312378609589,0.008086204528808594
1009,5,cls_current,current_rff,False,False,100.0,0.013352901242201558,0.009609337948601202,181,0.023408568728042423,0.0664867684643338,0.012843840966913798,0.00953984260559082
1009,5,cls_current,ordered_history,False,False,100.0,0.012864741929765328,0.009573069155564759,181,0.03415245442203063,0.06578894854634451,0.012702540567584512,0.008373737335205078
1009,5,cls_current,shuffled_history,False,False,100.0,0.012805643726519302,0.009604132235536363,181,0.00922150413504852,0.0666083744516243,0.013030425034298476,0.010015487670898438
1009,5,cls_current,sample_mismatched_history,False,False,100.0,0.013118464746595638,0.009959914244316507,181,0.005737023954385689,0.06483467435437527,0.013076251884565335,0.00862741470336914
1009,5,cls_current,residualized_history,False,False,100.0,0.013472707250591536,0.008996995045528765,181,0.05317099443760631,0.06774195704684442,0.012452414367864748,0.008326292037963867
1009,5,full_current,current_linear,False,False,100.0,0.013169927482758872,0.009162034774609942,389,-0.0002661041215215043,0.06768705406087985,0.013155203245228559,0.03387188911437988
1009,5,full_current,current_dimension_control,False,False,100.0,0.013231542290231317,0.00909635658254512,533,-0.0012815094075284694,0.0681282825219317,0.013168557554505522,0.054923295974731445
1009,5,full_current,current_rff,False,False,100.0,0.013536724745604672,0.008629948489292088,533,-0.012199229620083907,0.06915064729507445,0.013312144173885015,0.05844426155090332
1009,5,full_current,ordered_history,False,False,100.0,0.013068416151571595,0.008799809949320767,533,0.021411886771661948,0.06784129599561943,0.01287010073603327,0.06062006950378418
1009,5,full_current,shuffled_history,False,False,100.0,0.013111399944106117,0.008765245484972933,533,-0.002786303615635699,0.06888121409180757,0.013188348161793248,0.06364035606384277
1009,5,full_current,sample_mismatched_history,False,False,100.0,0.013340294800902328,0.009002531735899042,533,-0.007398772686621813,0.06822174390612215,0.013249009987522556,0.06773209571838379
1009,5,full_current,residualized_history,False,False,100.0,0.01368207428819457,0.00829031688939447,533,0.022611231816341948,0.06991591484474317,0.012854327305584199,0.06749296188354492
