seed,step,eligible,train_mean_value,train_sd_value,test_mean_value,test_sd_value,test_final_accuracy,test_flip_prevalence
503,2,True,0.522690424329725,0.9394817968270942,0.5155395399843999,0.9079041486890632,0.992,0.2425
503,3,True,0.15848574184887398,0.6195291282092334,0.1296524663312561,0.520733655326522,0.992,0.052
503,4,True,0.03289875687433843,0.29192550034772985,0.026643100118218903,0.20955152353739848,0.992,0.0155
503,5,False,0.003991889605577415,0.1077408431146052,0.003869136078330687,0.06429646986670837,0.992,0.0035
607,2,True,0.1484067513296904,0.503268715357078,0.11674900118187855,0.43800815721748304,0.997,0.052
607,3,False,0.01775412470968188,0.19440797598837561,0.006990082671859797,0.19128829028255914,0.997,0.006
607,4,False,0.00029687667715989105,0.08622805729786742,-0.002933062803506505,0.13309495203925822,0.997,0.0015
607,5,False,-0.0008984507039950478,0.03743976932178042,-0.002135388549513511,0.0824435300444891,0.997,0.0005
709,2,True,0.20349990716869776,0.5582700787717771,0.20084017276079896,0.5578559461435275,0.999,0.0835
709,3,True,0.020654534168586494,0.16333078968415635,0.013984836659815642,0.15040404293795087,0.999,0.004
709,4,False,0.0016508805693388883,0.040502668255338166,0.0012382171141859918,0.06944810929893173,0.999,0.0005
709,5,False,0.00017234812678214328,0.004353002377629512,8.440913365664524e-05,0.022916485762162212,0.999,0.0
811,2,True,0.20072771658216426,0.6166874249301357,0.17734536842615573,0.6265831918828332,0.7195,0.31
811,3,True,0.1263998660782653,0.49449943868658125,0.097669731026271,0.4972596624519252,0.7195,0.2315
811,4,True,0.051633531190645614,0.31409709143634756,0.027689639453611765,0.31799698529427706,0.7195,0.148
811,5,False,0.011952482790106536,0.13244377390440468,0.00044468932126294193,0.1392830768700132,0.7195,0.0535
907,2,True,0.23979136880673976,0.6884720304445314,0.25001529381553855,0.6901695087516131,0.735,0.402
907,3,True,0.112427112108628,0.5339960188520296,0.13957902191304186,0.564618737274373,0.735,0.295
907,4,True,0.032692517369703994,0.32113926943480303,0.053452315790417176,0.3576501256096507,0.735,0.1675
907,5,False,0.000725955365385057,0.14059338483457234,0.008729436538324352,0.15437812434088585,0.735,0.0595
1009,2,True,0.11890547436683006,0.5731923596636024,0.09254861599474563,0.5712477480095293,0.6955,0.273
1009,3,True,0.05426562868842856,0.4043120473697945,0.03374318214373128,0.4147942378138063,0.6955,0.1795
1009,4,False,0.01858770487711835,0.23225961440255327,0.006600890041506188,0.2530767662452656,0.6955,0.127
1009,5,False,0.0036724611158654554,0.10211214057399311,-0.000886577931825683,0.11470955785830647,0.6955,0.0575
